UID,id,instructorId,termId,schoolCode,number,section,type
41392-3373-96,41392,3373,96,CS,5004,03,Lecture
41393-3373-96,41393,3373,96,CS,5005,05,Recitation/Discussion
41397-2694-96,41397,2694,96,CS,5006,,Lecture
41394-3666-96,41394,3666,96,CS,5006,02,Lecture
41395-3423-96,41395,3423,96,CS,5006,03,Lecture
41396-3296-96,41396,3296,96,CS,5006,04,Lecture
41398-3885-96,41398,3885,96,CS,5006,06,Lecture
38432-577-87,38432,577,87,CS,1100,01,Lecture
38433-577-87,38433,577,87,CS,1100,02,Lecture
38434-1427-87,38434,1427,87,CS,1100,03,Lecture
38435-1427-87,38435,1427,87,CS,1100,04,Lecture
38436-1571-87,38436,1571,87,CS,1100,05,Lecture
38437-1571-87,38437,1571,87,CS,1100,06,Lecture
39229-577-87,39229,577,87,CS,1100,07,Lecture
39457-577-87,39457,577,87,CS,1100,08,Lecture
39875-1427-87,39875,1427,87,CS,1100,09,Lecture
39876-1427-87,39876,1427,87,CS,1100,10,Lecture
39877-1571-87,39877,1571,87,CS,1100,11,Lecture
39878-2099-87,39878,2099,87,CS,1100,12,Lecture
39879-577-87,39879,577,87,CS,1100,13,Lecture
39880-577-87,39880,577,87,CS,1100,14,Lecture
39881-1427-87,39881,1427,87,CS,1100,15,Lecture
39882-1427-87,39882,1427,87,CS,1100,16,Lecture
39883-2099-87,39883,2099,87,CS,1100,17,Lecture
39884-2099-87,39884,2099,87,CS,1100,18,Lecture
38029-2413-87,38029,2413,87,CS,1200,01,Lecture
38028-3463-87,38028,3463,87,CS,1200,02,Lecture
38027-4363-87,38027,4363,87,CS,1200,03,Lecture
38027-3665-87,38027,3665,87,CS,1200,03,Lecture
38026-2302-87,38026,2302,87,CS,1200,04,Lecture
38916-3746-87,38916,3746,87,CS,1200,05,Lecture
38953-3665-87,38953,3665,87,CS,1200,06,Lecture
39178-2302-87,39178,2302,87,CS,1200,07,Lecture
39179-2413-87,39179,2413,87,CS,1200,08,Lecture
39231-3463-87,39231,3463,87,CS,1200,09,Lecture
39331-3746-87,39331,3746,87,CS,1200,10,Lecture
39405-4178-87,39405,4178,87,CS,1200,11,Lecture
39570-4101-87,39570,4101,87,CS,1200,12,Lecture
39571-3665-87,39571,3665,87,CS,1200,13,Lecture
39572-3746-87,39572,3746,87,CS,1200,14,Lecture
39573-3463-87,39573,3463,87,CS,1200,15,Lecture
39574-2413-87,39574,2413,87,CS,1200,16,Lecture
39575-4363-87,39575,4363,87,CS,1200,17,Lecture
39575-3463-87,39575,3463,87,CS,1200,17,Lecture
39885-4178-87,39885,4178,87,CS,1200,18,Lecture
39886-4101-87,39886,4101,87,CS,1200,19,Lecture
39887-3665-87,39887,3665,87,CS,1200,20,Lecture
40188-3746-87,40188,3746,87,CS,1200,21,Lecture
40188-4363-87,40188,4363,87,CS,1200,21,Lecture
40189-2302-87,40189,2302,87,CS,1200,22,Lecture
40190-4178-87,40190,4178,87,CS,1200,23,Lecture
40191-4101-87,40191,4101,87,CS,1200,24,Lecture
39066-300-87,39066,300,87,CS,1210,02,Lecture
39569-2257-87,39569,2257,87,CS,1210,03,Lecture
39406-3559-87,39406,3559,87,CS,1210,04,Lecture
39412-3530-87,39412,3530,87,CS,1210,05,Lecture
39576-3621-87,39576,3621,87,CS,1210,06,Lecture
39577-300-87,39577,300,87,CS,1210,07,Lecture
39655-2257-87,39655,2257,87,CS,1210,08,Lecture
39888-3559-87,39888,3559,87,CS,1210,09,Lecture
39889-3530-87,39889,3530,87,CS,1210,10,Lecture
40192-3621-87,40192,3621,87,CS,1210,11,Lecture
38034-402-87,38034,402,87,CS,1800,01,Lecture
38033-2003-87,38033,2003,87,CS,1800,02,Lecture
39461-2309-87,39461,2309,87,CS,1800,03,Lecture
40850-3475-87,40850,3475,87,CS,1800,04,Lecture
40193-402-87,40193,402,87,CS,1802,01,Seminar
40194-402-87,40194,402,87,CS,1802,02,Seminar
40195-402-87,40195,402,87,CS,1802,03,Seminar
40196-402-87,40196,402,87,CS,1802,04,Seminar
40197-402-87,40197,402,87,CS,1802,05,Seminar
40198-402-87,40198,402,87,CS,1802,06,Seminar
40199-1427-87,40199,1427,87,CS,1802,07,Seminar
40200-3423-87,40200,3423,87,CS,1802,08,Seminar
40201-1427-87,40201,1427,87,CS,1802,09,Seminar
40202-2310-87,40202,2310,87,CS,1802,10,Seminar
40203-2348-87,40203,2348,87,CS,1802,11,Seminar
40204-3423-87,40204,3423,87,CS,1802,12,Seminar
40205-4044-87,40205,4044,87,CS,1802,14,Seminar
40206-2348-87,40206,2348,87,CS,1802,15,Seminar
40208-2310-87,40208,2310,87,CS,1802,16,Seminar
40209-3423-87,40209,3423,87,CS,1802,17,Seminar
40210-2398-87,40210,2398,87,CS,1802,18,Seminar
40211-4044-87,40211,4044,87,CS,1802,19,Seminar
40212-3423-87,40212,3423,87,CS,1802,20,Seminar
40213-2398-87,40213,2398,87,CS,1802,21,Seminar
40214-1427-87,40214,1427,87,CS,1802,22,Seminar
40215-2310-87,40215,2310,87,CS,1802,23,Seminar
40216-1427-87,40216,1427,87,CS,1802,24,Seminar
40217-3423-87,40217,3423,87,CS,1802,25,Seminar
40218-2348-87,40218,2348,87,CS,1802,26,Seminar
40219-4044-87,40219,4044,87,CS,1802,27,Seminar
40220-3423-87,40220,3423,87,CS,1802,29,Seminar
40221-2348-87,40221,2348,87,CS,1802,30,Seminar
40222-3423-87,40222,3423,87,CS,1802,31,Seminar
40223-2398-87,40223,2398,87,CS,1802,32,Seminar
40851-4044-87,40851,4044,87,CS,1802,33,Seminar
40852-3423-87,40852,3423,87,CS,1802,34,Seminar
40853-2310-87,40853,2310,87,CS,1802,35,Seminar
40855-2398-87,40855,2398,87,CS,1802,36,Seminar
38032-1243-87,38032,1243,87,CS,2500,01,Lecture
38031-1007-87,38031,1007,87,CS,2500,02,Lecture
38499-1007-87,38499,1007,87,CS,2500,03,Lecture
38853-1247-87,38853,1247,87,CS,2500,04,Lecture
39067-2310-87,39067,2310,87,CS,2500,05,Lecture
39068-3664-87,39068,3664,87,CS,2500,06,Lecture
39069-3664-87,39069,3664,87,CS,2500,07,Lecture
37888-3270-87,37888,3270,87,CS,2501,01,Lab
38188-3270-87,38188,3270,87,CS,2501,02,Lab
38189-3270-87,38189,3270,87,CS,2501,03,Lab
38190-3270-87,38190,3270,87,CS,2501,04,Lab
38723-3270-87,38723,3270,87,CS,2501,05,Lab
38420-3270-87,38420,3270,87,CS,2501,06,Lab
38854-3270-87,38854,3270,87,CS,2501,07,Lab
39332-3270-87,39332,3270,87,CS,2501,08,Lab
39400-3270-87,39400,3270,87,CS,2501,09,Lab
39462-3270-87,39462,3270,87,CS,2501,10,Lab
39578-3270-87,39578,3270,87,CS,2501,11,Lab
39579-3270-87,39579,3270,87,CS,2501,12,Lab
39890-3270-87,39890,3270,87,CS,2501,13,Lab
39891-3270-87,39891,3270,87,CS,2501,14,Lab
40954-3270-87,40954,3270,87,CS,2501,15,Lab
37837-1239-87,37837,1239,87,CS,2510,01,Lecture
39389-1239-87,39389,1239,87,CS,2510,02,Lecture
41193-2969-87,41193,2969,87,CS,2510,03,Lecture
38722-1239-87,38722,1239,87,CS,2511,01,Lab
38422-1239-87,38422,1239,87,CS,2511,02,Lab
39230-1239-87,39230,1239,87,CS,2511,03,Lab
39390-1239-87,39390,1239,87,CS,2511,04,Lab
37799-2348-87,37799,2348,87,CS,2800,01,Lecture
38258-2348-87,38258,2348,87,CS,2801,01,Lab
38421-2348-87,38421,2348,87,CS,2801,02,Lab
38954-2348-87,38954,2348,87,CS,2801,03,Lab
40860-2337-87,40860,2337,87,CS,3000,01,Lecture
40861-3830-87,40861,3830,87,CS,3000,02,Lecture
40935-2337-87,40935,2337,87,CS,3000,04,Lecture
38019-1571-87,38019,1571,87,CS,3200,01,Lecture
39892-3684-87,39892,3684,87,CS,3200,02,Lecture
40857-3475-87,40857,3475,87,CS,3200,03,Lecture
38025-1567-87,38025,1567,87,CS,3500,01,Lecture
38022-1567-87,38022,1567,87,CS,3500,02,Lecture
39893-2749-87,39893,2749,87,CS,3500,03,Lecture
40434-2969-87,40434,2969,87,CS,3500,04,Lecture
39070-2382-87,39070,2382,87,CS,3520,01,Lecture
39333-3666-87,39333,3666,87,CS,3650,01,Lecture
39580-3666-87,39580,3666,87,CS,3650,02,Lecture
39894-2398-87,39894,2398,87,CS,3650,03,Lecture
41298-4044-87,41298,4044,87,CS,3650,04,Lecture
39334-1665-87,39334,1665,87,CS,3700,01,Lecture
40858-3483-87,40858,3483,87,CS,3700,02,Lecture
38020-3660-87,38020,3660,87,CS,3800,01,Lecture
39735-3311-87,39735,3311,87,CS,3800,02,Lecture
40970-515-87,40970,515,87,CS,3800,03,Lecture
38939-3129-87,38939,3129,87,CS,4100,01,Lecture
39968-2299-87,39968,2299,87,CS,4120,01,Lecture
38694-3666-87,38694,3666,87,CS,4300,01,Lecture
38191-4164-87,38191,4164,87,CS,4400,01,Lecture
40859-737-87,40859,737,87,CS,4400,02,Lecture
40931-1125-87,40931,1125,87,CS,4410,01,Lecture
38018-2563-87,38018,2563,87,CS,4500,01,Lecture
40224-4164-87,40224,4164,87,CS,4500,03,Lecture
40864-2563-87,40864,2563,87,CS,4501,01,Recitation/Discussion
40865-2563-87,40865,2563,87,CS,4501,02,Recitation/Discussion
40867-2563-87,40867,2563,87,CS,4501,03,Recitation/Discussion
40868-2563-87,40868,2563,87,CS,4501,04,Recitation/Discussion
40225-2398-87,40225,2398,87,CS,4550,01,Lecture
37667-3904-87,37667,3904,87,CS,4700,01,Lecture
38423-709-87,38423,709,87,CS,4740,01,Lecture
41052-2604-87,41052,2604,87,CS,4820,01,Lecture
39680-4112-87,39680,4112,87,CS,5001,01,Lecture
41130-4040-87,41130,4040,87,CS,5001,02,Lecture
41130-4053-87,41130,4053,87,CS,5001,02,Lecture
41131-3987-87,41131,3987,87,CS,5001,03,Lecture
41131-4100-87,41131,4100,87,CS,5001,03,Lecture
41131-4107-87,41131,4107,87,CS,5001,03,Lecture
41131-4206-87,41131,4206,87,CS,5001,03,Lecture
41131-4292-87,41131,4292,87,CS,5001,03,Lecture
41131-4311-87,41131,4311,87,CS,5001,03,Lecture
41235-3983-87,41235,3983,87,CS,5001,05,Lecture
41274-4112-87,41274,4112,87,CS,5001,06,Lecture
39681-3311-87,39681,3311,87,CS,5002,01,Lecture
41132-3296-87,41132,3296,87,CS,5002,02,Lecture
41133-2906-87,41133,2906,87,CS,5002,03,Lecture
41236-3885-87,41236,3885,87,CS,5002,05,Lecture
41280-3373-87,41280,3373,87,CS,5002,06,Lecture
41290-3311-87,41290,3311,87,CS,5002,07,Lecture
41134-3987-87,41134,3987,87,CS,5003,02,Recitation/Discussion
41135-4040-87,41135,4040,87,CS,5003,03,Recitation/Discussion
41237-3983-87,41237,3983,87,CS,5003,04,Recitation/Discussion
41275-4112-87,41275,4112,87,CS,5003,06,Recitation/Discussion
41276-4112-87,41276,4112,87,CS,5003,07,Recitation/Discussion
41277-4112-87,41277,4112,87,CS,5003,08,Recitation/Discussion
41278-4112-87,41278,4112,87,CS,5003,09,Recitation/Discussion
38514-2969-87,38514,2969,87,CS,5010,01,Lecture
39379-2749-87,39379,2749,87,CS,5010,02,Lecture
39195-2749-87,39195,2749,87,CS,5010,03,Lecture
41015-4042-87,41015,4042,87,CS,5010,04,Lecture
41015-3296-87,41015,3296,87,CS,5010,04,Lecture
41015-3987-87,41015,3987,87,CS,5010,04,Lecture
41015-4080-87,41015,4080,87,CS,5010,04,Lecture
41015-2738-87,41015,2738,87,CS,5010,04,Lecture
41015-4220-87,41015,4220,87,CS,5010,04,Lecture
41015-4273-87,41015,4273,87,CS,5010,04,Lecture
41015-4280-87,41015,4280,87,CS,5010,04,Lecture
41015-2906-87,41015,2906,87,CS,5010,04,Lecture
41015-4352-87,41015,4352,87,CS,5010,04,Lecture
41015-4354-87,41015,4354,87,CS,5010,04,Lecture
41182-3691-87,41182,3691,87,CS,5010,05,Lecture
38321-2749-87,38321,2749,87,CS,5011,01,Recitation/Discussion
38388-2749-87,38388,2749,87,CS,5011,02,Recitation/Discussion
38402-2749-87,38402,2749,87,CS,5011,03,Recitation/Discussion
38273-2749-87,38273,2749,87,CS,5011,04,Recitation/Discussion
41016-3296-87,41016,3296,87,CS,5011,05,Recitation/Discussion
41017-2906-87,41017,2906,87,CS,5011,06,Recitation/Discussion
41018-3987-87,41018,3987,87,CS,5011,07,Recitation/Discussion
41019-2738-87,41019,2738,87,CS,5011,08,Recitation/Discussion
41183-3691-87,41183,3691,87,CS,5011,09,Recitation/Discussion
38766-3129-87,38766,3129,87,CS,5100,01,Lecture
41194-4217-87,41194,4217,87,CS,5100,02,Lecture
41184-4195-87,41184,4195,87,CS,5150,01,Lecture
38371-1679-87,38371,1679,87,CS,5200,01,Lecture
39380-1679-87,39380,1679,87,CS,5200,02,Lecture
41020-2386-87,41020,2386,87,CS,5200,03,Lecture
41020-4105-87,41020,4105,87,CS,5200,03,Lecture
41020-4132-87,41020,4132,87,CS,5200,03,Lecture
41020-4272-87,41020,4272,87,CS,5200,03,Lecture
41179-3424-87,41179,3424,87,CS,5200,04,Lecture
41185-3373-87,41185,3373,87,CS,5200,05,Lecture
40336-3666-87,40336,3666,87,CS,5310,01,Lecture
41021-3987-87,41021,3987,87,CS,5310,02,Lecture
39581-2348-87,39581,2348,87,CS,5340,01,Lecture
41178-4185-87,41178,4185,87,CS,5340,02,Lecture
38280-737-87,38280,737,87,CS,5400,01,Lecture
38700-2099-87,38700,2099,87,CS,5500,01,Lecture
39643-2099-87,39643,2099,87,CS,5500,02,Lecture
41022-4179-87,41022,4179,87,CS,5500,03,Lecture
41022-2693-87,41022,2693,87,CS,5500,03,Lecture
41022-3976-87,41022,3976,87,CS,5500,03,Lecture
41186-3691-87,41186,3691,87,CS,5500,04,Lecture
41023-3296-87,41023,3296,87,CS,5520,01,Lecture
38372-2113-87,38372,2113,87,CS,5600,01,Lecture
39224-1069-87,39224,1069,87,CS,5600,02,Lecture
41024-2290-87,41024,2290,87,CS,5600,03,Lecture
39095-1679-87,39095,1679,87,CS,5610,01,Lecture
38370-3904-87,38370,3904,87,CS,5700,01,Lecture
41025-1803-87,41025,1803,87,CS,5700,02,Lecture
38746-1248-87,38746,1248,87,CS,5770,01,Lecture
38373-593-87,38373,593,87,CS,5800,01,Lecture
40985-4289-87,40985,4289,87,CS,5800,02,Lecture
41026-3090-87,41026,3090,87,CS,5800,03,Lecture
41187-4057-87,41187,4057,87,CS,5800,04,Lecture
41187-4282-87,41187,4282,87,CS,5800,04,Lecture
41238-3885-87,41238,3885,87,CS,5800,05,Lecture
39904-2299-87,39904,2299,87,CS,6120,01,Lecture
38585-3192-87,38585,3192,87,CS,6140,01,Lecture
40444-4276-87,40444,4276,87,CS,6140,02,Lecture
41188-3984-87,41188,3984,87,CS,6140,03,Lecture
41210-4090-87,41210,4090,87,CS,6140,04,Lecture
41210-4318-87,41210,4318,87,CS,6140,04,Lecture
38940-2310-87,38940,2310,87,CS,6200,01,Lecture
41027-4256-87,41027,4256,87,CS,6200,02,Lecture
41027-3628-87,41027,3628,87,CS,6200,02,Lecture
41027-4351-87,41027,4351,87,CS,6200,02,Lecture
41247-4289-87,41247,4289,87,CS,6200,03,Lecture
39094-3326-87,39094,3326,87,CS,6220,01,Lecture
41180-3424-87,41180,3424,87,CS,6220,02,Lecture
38735-296-87,38735,296,87,CS,6240,01,Lecture
39328-296-87,39328,296,87,CS,6240,02,Lecture
40930-1125-87,40930,1125,87,CS,6410,01,Lecture
41029-2738-87,41029,2738,87,CS,6650,01,Lecture
41029-4205-87,41029,4205,87,CS,6650,01,Lecture
41029-4274-87,41029,4274,87,CS,6650,01,Lecture
38699-709-87,38699,709,87,CS,6740,01,Lecture
41030-2477-87,41030,2477,87,CS,6949,01,Seminar
41265-2473-87,41265,2473,87,CS,6949,02,Seminar
41266-2473-87,41266,2473,87,CS,6949,03,Seminar
41267-3905-87,41267,3905,87,CS,6949,04,Seminar
41268-3905-87,41268,3905,87,CS,6949,05,Seminar
41269-2475-87,41269,2475,87,CS,6949,06,Seminar
41270-2475-87,41270,2475,87,CS,6949,07,Seminar
41271-2475-87,41271,2475,87,CS,6949,08,Seminar
41272-2475-87,41272,2475,87,CS,6949,09,Seminar
41273-3905-87,41273,3905,87,CS,6949,10,Seminar
39742-1525-87,39742,1525,87,CS,7180,01,Lecture
41028-3091-87,41028,3091,87,CS,7180,03,Lecture
41031-1766-87,41031,1766,87,CS,7340,01,Lecture
40986-515-87,40986,515,87,CS,7400,01,Lecture
41218-2604-87,41218,2604,87,CS,7485,01,Lecture
39093-532-87,39093,532,87,CS,7600,01,Lecture
40984-2748-87,40984,2748,87,CS,7610,01,Lecture
38369-3093-87,38369,3093,87,CS,7800,01,Lecture
40862-3130-87,40862,3130,87,CS,2000,01,Lecture
40863-3664-87,40863,3664,87,CS,2000,02,Lecture
40869-3130-87,40869,3130,87,CS,2001,01,Lab
40869-3664-87,40869,3664,87,CS,2001,01,Lab
40870-4183-87,40870,4183,87,CS,2001,02,Lab
40870-3528-87,40870,3528,87,CS,2001,02,Lab
40871-4296-87,40871,4296,87,CS,2001,03,Lab
40872-972-87,40872,972,87,CS,2001,04,Lab
39963-1571-87,39963,1571,87,CS,4100,01,Lecture
40226-3475-87,40226,3475,87,CS,4300,01,Lecture
40227-3136-87,40227,3136,87,CS,4400,01,Lecture
40990-3097-87,40990,3097,87,CS,4420,01,Lecture
40395-3423-87,40395,3423,87,CS,5010,01,Lecture
40400-4257-87,40400,4257,87,CS,5020,01,Lecture
40396-3570-87,40396,3570,87,CS,5110,01,Lecture
40186-2405-87,40186,2405,87,CS,5220,01,Lecture
40435-3097-87,40435,3097,87,CS,5230,01,Lecture
40937-3088-87,40937,3088,87,CS,5500,01,Lecture
38600-3783-87,38600,3783,87,CS,5010,01,Lecture
38637-4304-87,38637,4304,87,CS,5010,02,Lecture
38856-1112-87,38856,1112,87,CS,5120,01,Lecture
38601-3115-87,38601,3115,87,CS,5130,01,Lecture
40049-3115-87,40049,3115,87,CS,5131,01,Lab
38960-825-87,38960,825,87,CS,5150,01,Lecture
38961-825-87,38961,825,87,CS,5151,01,Lab
38602-1006-87,38602,1006,87,CS,5200,01,Lecture
38857-3358-87,38857,3358,87,CS,5210,01,Lecture
38858-3358-87,38858,3358,87,CS,5211,02,Lab
40936-1006-87,40936,1006,87,CS,5250,01,Lecture
41073-709-87,41073,709,87,CS,8660,01,Seminar
38898-3423-87,38898,3423,87,CS,1500,01,Lecture
38011-113-87,38011,113,87,CS,2000,01,Lecture
37743-2348-87,37743,2348,87,CS,4300,01,Lecture
37434-3373-86,37434,3373,86,CS,5001,07,Lecture
37435-3373-86,37435,3373,86,CS,5003,10,Recitation/Discussion
37199-3423-84,37199,3423,84,CS,1100,01,Lecture
37415-3475-84,37415,3475,84,CS,3200,01,Lecture
37303-1679-84,37303,1679,84,CS,4550,01,Lecture
37248-2309-84,37248,2309,84,CS,4800,01,Lecture
37419-3373-84,37419,3373,84,CS,5006,01,Lecture
37416-3666-84,37416,3666,84,CS,5007,01,Lecture
37418-3373-84,37418,3373,84,CS,5007,02,Lecture
37422-3885-84,37422,3885,84,CS,5007,03,Lecture
37314-1679-84,37314,1679,84,CS,5610,01,Lecture
37429-402-84,37429,402,84,CS,6200,01,Lecture
37001-3423-83,37001,3423,83,CS,5004,01,Lecture
37022-2906-83,37022,2906,83,CS,5004,02,Lecture
37059-3983-83,37059,3983,83,CS,5004,03,Lecture
37002-3423-83,37002,3423,83,CS,5005,01,Recitation/Discussion
37023-2906-83,37023,2906,83,CS,5005,02,Recitation/Discussion
37060-3983-83,37060,3983,83,CS,5005,03,Recitation/Discussion
37024-3296-83,37024,3296,83,CS,5006,02,Lecture
37024-3992-83,37024,3992,83,CS,5006,02,Lecture
37024-3993-83,37024,3993,83,CS,5006,02,Lecture
37024-3989-83,37024,3989,83,CS,5006,02,Lecture
37025-3296-83,37025,3296,83,CS,5007,02,Lecture
37025-3992-83,37025,3992,83,CS,5007,02,Lecture
37025-3993-83,37025,3993,83,CS,5007,02,Lecture
37025-3989-83,37025,3989,83,CS,5007,02,Lecture
37072-3296-83,37072,3296,83,CS,5082,01,Lecture
37071-80-83,37071,80,83,CS,5083,01,Lecture
37003-1679-83,37003,1679,83,CS,5200,01,Lecture
37026-2386-83,37026,2386,83,CS,5200,02,Lecture
37026-3981-83,37026,3981,83,CS,5200,02,Lecture
37026-3991-83,37026,3991,83,CS,5200,02,Lecture
37026-3982-83,37026,3982,83,CS,5200,02,Lecture
37035-3424-83,37035,3424,83,CS,5200,03,Lecture
37052-3475-83,37052,3475,83,CS,5200,04,Lecture
37027-2693-83,37027,2693,83,CS,5500,01,Lecture
37027-3976-83,37027,3976,83,CS,5500,01,Lecture
37054-241-83,37054,241,83,CS,5520,01,Lecture
37004-3666-83,37004,3666,83,CS,5600,01,Lecture
37046-2113-83,37046,2113,83,CS,5600,02,Lecture
37053-241-83,37053,241,83,CS,5610,01,Lecture
37057-3987-83,37057,3987,83,CS,5610,02,Lecture
37028-1803-83,37028,1803,83,CS,5800,01,Lecture
37055-3373-83,37055,3373,83,CS,5800,02,Lecture
37065-3990-83,37065,3990,83,CS,5964,01,Seminar
37051-3985-83,37051,3985,83,CS,6200,01,Lecture
37034-3091-83,37034,3091,83,CS,6220,01,Lecture
37034-3988-83,37034,3988,83,CS,6220,01,Lecture
37043-3424-83,37043,3424,83,CS,6220,02,Lecture
37029-2477-83,37029,2477,83,CS,6949,01,Seminar
37038-3905-83,37038,3905,83,CS,6949,02,Seminar
37038-2473-83,37038,2473,83,CS,6949,02,Seminar
37039-2473-83,37039,2473,83,CS,6949,03,Seminar
37039-2475-83,37039,2475,83,CS,6949,03,Seminar
37048-2906-83,37048,2906,83,CS,7290,01,Lecture
37017-1787-83,37017,1787,83,CS,5040,01,Lecture
37016-1112-83,37016,1112,83,CS,5120,01,Lecture
37040-1802-83,37040,1802,83,CS,5240,01,Lecture
36348-1427-82,36348,1427,82,CS,1100,01,Lecture
36636-1239-82,36636,1239,82,CS,2500,01,Lecture
36432-3270-82,36432,3270,82,CS,2501,01,Lab
36522-3270-82,36522,3270,82,CS,2501,02,Lab
36349-2969-82,36349,2969,82,CS,2510,01,Lecture
36734-1239-82,36734,1239,82,CS,2510,02,Lecture
36350-3270-82,36350,3270,82,CS,2511,01,Lab
36462-3270-82,36462,3270,82,CS,2511,02,Lab
36463-2348-82,36463,2348,82,CS,2800,01,Lecture
36464-2348-82,36464,2348,82,CS,2801,01,Lab
36365-2749-82,36365,2749,82,CS,3500,01,Lecture
36727-3423-82,36727,3423,82,CS,3500,02,Lecture
36638-2309-82,36638,2309,82,CS,4100,01,Lecture
36535-1679-82,36535,1679,82,CS,4550,01,Lecture
36433-3311-82,36433,3311,82,CS,4800,01,Lecture
36746-3373-82,36746,3373,82,CS,5004,01,Lecture
36748-3373-82,36748,3373,82,CS,5005,01,Recitation/Discussion
36741-1239-82,36741,1239,82,CS,5006,01,Lecture
36750-3885-82,36750,3885,82,CS,5006,02,Lecture
36611-2309-82,36611,2309,82,CS,5100,01,Lecture
36526-1679-82,36526,1679,82,CS,5610,01,Lecture
36737-2749-82,36737,2749,82,CS,5800,01,Lecture
33716-577-75,33716,577,75,CS,1100,01,Lecture
33717-1427-75,33717,1427,75,CS,1100,02,Lecture
33718-2348-75,33718,2348,75,CS,1100,03,Lecture
33719-3423-75,33719,3423,75,CS,1100,04,Lecture
33957-577-75,33957,577,75,CS,1100,05,Lecture
34253-3423-75,34253,3423,75,CS,1100,06,Lecture
34625-1427-75,34625,1427,75,CS,1100,07,Lecture
34862-577-75,34862,577,75,CS,1100,08,Lecture
35186-2348-75,35186,2348,75,CS,1100,09,Lecture
35187-3423-75,35187,3423,75,CS,1100,10,Lecture
35188-577-75,35188,577,75,CS,1100,11,Lecture
35189-3423-75,35189,3423,75,CS,1100,12,Lecture
35190-1427-75,35190,1427,75,CS,1100,13,Lecture
35192-577-75,35192,577,75,CS,1100,14,Lecture
35193-2348-75,35193,2348,75,CS,1100,15,Lecture
35194-3423-75,35194,3423,75,CS,1100,16,Lecture
35195-577-75,35195,577,75,CS,1100,17,Lecture
35196-3423-75,35196,3423,75,CS,1100,18,Lecture
34254-3665-75,34254,3665,75,CS,1200,01,Lecture
35697-3746-75,35697,3746,75,CS,1200,02,Lecture
35698-3463-75,35698,3463,75,CS,1200,03,Lecture
33278-300-75,33278,300,75,CS,1210,01,Lecture
33277-3559-75,33277,3559,75,CS,1210,02,Lecture
34626-2257-75,34626,2257,75,CS,1210,03,Lecture
34863-3530-75,34863,3530,75,CS,1210,04,Lecture
35699-3621-75,35699,3621,75,CS,1210,05,Lecture
33279-2309-75,33279,2309,75,CS,1800,01,Lecture
34627-3311-75,34627,3311,75,CS,1800,02,Lecture
35700-3438-75,35700,3438,75,CS,1802,01,Seminar
35701-3311-75,35701,3311,75,CS,1802,02,Seminar
35702-3438-75,35702,3438,75,CS,1802,03,Seminar
35703-3438-75,35703,3438,75,CS,1802,04,Seminar
35704-3311-75,35704,3311,75,CS,1802,05,Seminar
35705-3311-75,35705,3311,75,CS,1802,06,Seminar
35706-3438-75,35706,3438,75,CS,1802,07,Seminar
35707-3311-75,35707,3311,75,CS,1802,08,Seminar
33170-1239-75,33170,1239,75,CS,2500,01,Lecture
34255-2310-75,34255,2310,75,CS,2500,02,Lecture
34730-3664-75,34730,3664,75,CS,2500,03,Lecture
33169-3270-75,33169,3270,75,CS,2501,01,Lab
33918-3270-75,33918,3270,75,CS,2501,02,Lab
34209-3270-75,34209,3270,75,CS,2501,03,Lab
34628-3270-75,34628,3270,75,CS,2501,04,Lab
35435-3270-75,35435,3270,75,CS,2501,05,Lab
35436-3270-75,35436,3270,75,CS,2501,06,Lab
33142-1567-75,33142,1567,75,CS,2510,01,Lecture
33141-1498-75,33141,1498,75,CS,2510,02,Lecture
33884-2310-75,33884,2310,75,CS,2510,03,Lecture
34455-1567-75,34455,1567,75,CS,2510,04,Lecture
35046-2969-75,35046,2969,75,CS,2510,05,Lecture
35197-2969-75,35197,2969,75,CS,2510,06,Lecture
33137-1567-75,33137,1567,75,CS,2511,01,Lab
33481-1567-75,33481,1567,75,CS,2511,02,Lab
33136-3270-75,33136,3270,75,CS,2511,03,Lab
33135-3270-75,33135,3270,75,CS,2511,04,Lab
33885-3270-75,33885,3270,75,CS,2511,05,Lab
33958-3270-75,33958,3270,75,CS,2511,06,Lab
34629-3270-75,34629,3270,75,CS,2511,07,Lab
34630-3270-75,34630,3270,75,CS,2511,08,Lab
35198-3270-75,35198,3270,75,CS,2511,09,Lab
35199-3270-75,35199,3270,75,CS,2511,10,Lab
35708-3270-75,35708,3270,75,CS,2511,11,Lab
35709-1665-75,35709,1665,75,CS,2550,01,Lecture
32943-2348-75,32943,2348,75,CS,2800,01,Lecture
32942-2604-75,32942,2604,75,CS,2800,02,Lecture
34631-2348-75,34631,2348,75,CS,2800,03,Lecture
32903-2604-75,32903,2604,75,CS,2801,01,Lab
32886-2604-75,32886,2604,75,CS,2801,02,Lab
32885-2604-75,32885,2604,75,CS,2801,03,Lab
32884-2604-75,32884,2604,75,CS,2801,04,Lab
33525-2604-75,33525,2604,75,CS,2801,05,Lab
33528-2604-75,33528,2604,75,CS,2801,06,Lab
33523-2604-75,33523,2604,75,CS,2801,07,Lab
33526-2604-75,33526,2604,75,CS,2801,08,Lab
35710-2604-75,35710,2604,75,CS,2801,09,Lab
35711-2604-75,35711,2604,75,CS,2801,10,Lab
35712-2604-75,35712,2604,75,CS,2801,11,Lab
33261-1571-75,33261,1571,75,CS,3200,01,Lecture
35200-3684-75,35200,3684,75,CS,3200,02,Lecture
35714-3664-75,35714,3664,75,CS,3200,03,Lecture
33276-2749-75,33276,2749,75,CS,3500,01,Lecture
34869-2969-75,34869,2969,75,CS,3500,02,Lecture
35201-3423-75,35201,3423,75,CS,3520,01,Lecture
34256-2382-75,34256,2382,75,CS,3540,01,Lecture
35715-532-75,35715,532,75,CS,3650,01,Lecture
35716-2398-75,35716,2398,75,CS,3650,02,Lecture
34632-1570-75,34632,1570,75,CS,3700,01,Lecture
35717-3483-75,35717,3483,75,CS,3740,01,Lecture
33275-3311-75,33275,3311,75,CS,3800,01,Lecture
35718-515-75,35718,515,75,CS,3800,02,Lecture
33118-1525-75,33118,1525,75,CS,4100,01,Lecture
36159-2770-75,36159,2770,75,CS,4100,02,Lecture
34719-2299-75,34719,2299,75,CS,4120,01,Lecture
34870-2309-75,34870,2309,75,CS,4150,01,Lecture
35997-3752-75,35997,3752,75,CS,4170,01,Lecture
35305-3102-75,35305,3102,75,CS,4240,01,Lecture
33480-3666-75,33480,3666,75,CS,4300,01,Lecture
33260-737-75,33260,737,75,CS,4400,01,Lecture
34867-1125-75,34867,1125,75,CS,4410,01,Lecture
33259-2099-75,33259,2099,75,CS,4500,01,Lecture
34865-1679-75,34865,1679,75,CS,4500,02,Lecture
35719-3664-75,35719,3664,75,CS,4500,03,Lecture
36005-2099-75,36005,2099,75,CS,4501,01,Recitation/Discussion
36006-2099-75,36006,2099,75,CS,4501,02,Recitation/Discussion
36007-2099-75,36007,2099,75,CS,4501,03,Recitation/Discussion
36008-2099-75,36008,2099,75,CS,4501,04,Recitation/Discussion
36009-2099-75,36009,2099,75,CS,4501,05,Recitation/Discussion
33011-2398-75,33011,2398,75,CS,4550,01,Lecture
35202-2398-75,35202,2398,75,CS,4550,02,Lecture
35720-2563-75,35720,2563,75,CS,4620,01,Lecture
33715-1248-75,33715,1248,75,CS,4740,01,Lecture
35935-3136-75,35935,3136,75,CS,4770,01,Lecture
33258-2337-75,33258,2337,75,CS,4800,01,Lecture
34731-3093-75,34731,3093,75,CS,4800,02,Lecture
35721-3438-75,35721,3438,75,CS,4800,03,Lecture
34257-3666-75,34257,3666,75,CS,4850,01,Lecture
35389-1239-75,35389,1239,75,CS,5001,01,Lecture
36043-3293-75,36043,3293,75,CS,5001,02,Lecture
36104-3885-75,36104,3885,75,CS,5001,03,Lecture
36111-3691-75,36111,3691,75,CS,5001,04,Lecture
35390-3438-75,35390,3438,75,CS,5002,01,Lecture
36044-3296-75,36044,3296,75,CS,5002,02,Lecture
36044-3159-75,36044,3159,75,CS,5002,02,Lecture
36105-3885-75,36105,3885,75,CS,5002,03,Lecture
36112-3691-75,36112,3691,75,CS,5002,04,Lecture
35391-1239-75,35391,1239,75,CS,5003,01,Recitation/Discussion
36081-3293-75,36081,3293,75,CS,5003,02,Recitation/Discussion
36106-3885-75,36106,3885,75,CS,5003,03,Recitation/Discussion
36113-3691-75,36113,3691,75,CS,5003,04,Recitation/Discussion
35403-2749-75,35403,2749,75,CS,5004,01,Lecture
36018-3293-75,36018,3293,75,CS,5004,02,Lecture
36101-3373-75,36101,3373,75,CS,5004,03,Lecture
35404-2749-75,35404,2749,75,CS,5005,01,Recitation/Discussion
36019-3293-75,36019,3293,75,CS,5005,02,Recitation/Discussion
36020-3293-75,36020,3293,75,CS,5005,03,Recitation/Discussion
36102-3373-75,36102,3373,75,CS,5005,04,Recitation/Discussion
36175-3293-75,36175,3293,75,CS,5005,05,Recitation/Discussion
35343-1239-75,35343,1239,75,CS,5007,01,Lecture
36021-3296-75,36021,3296,75,CS,5007,02,Lecture
36021-2694-75,36021,2694,75,CS,5007,02,Lecture
36103-3373-75,36103,3373,75,CS,5007,03,Lecture
34099-1671-75,34099,1671,75,CS,5100,01,Lecture
36028-3628-75,36028,3628,75,CS,5100,02,Lecture
36068-3691-75,36068,3691,75,CS,5100,03,Lecture
36158-2770-75,36158,2770,75,CS,5100,04,Lecture
34833-2309-75,34833,2309,75,CS,5150,01,Lecture
33988-1679-75,33988,1679,75,CS,5200,01,Lecture
35982-3424-75,35982,3424,75,CS,5200,02,Lecture
35959-2348-75,35959,2348,75,CS,5340,01,Lecture
33596-737-75,33596,737,75,CS,5400,01,Lecture
33668-2099-75,33668,2099,75,CS,5500,01,Lecture
34980-1679-75,34980,1679,75,CS,5500,02,Lecture
33987-2113-75,33987,2113,75,CS,5600,01,Lecture
36017-2290-75,36017,2290,75,CS,5600,02,Lecture
36069-3774-75,36069,3774,75,CS,5600,03,Lecture
33549-2398-75,33549,2398,75,CS,5610,01,Lecture
34410-2398-75,34410,2398,75,CS,5610,02,Lecture
36067-3373-75,36067,3373,75,CS,5610,03,Lecture
36116-2724-75,36116,2724,75,CS,5610,04,Lecture
35996-3784-75,35996,3784,75,CS,5770,01,Lecture
36022-2906-75,36022,2906,75,CS,5770,02,Lecture
33550-402-75,33550,402,75,CS,5800,01,Lecture
34200-2749-75,34200,2749,75,CS,5800,02,Lecture
34220-515-75,34220,515,75,CS,5800,03,Lecture
36023-1803-75,36023,1803,75,CS,5800,04,Lecture
36075-3373-75,36075,3373,75,CS,5800,05,Lecture
36155-3830-75,36155,3830,75,CS,5800,06,Lecture
34263-3666-75,34263,3666,75,CS,5850,01,Lecture
34140-2299-75,34140,2299,75,CS,6120,01,Lecture
34141-3129-75,34141,3129,75,CS,6140,01,Lecture
36024-2180-75,36024,2180,75,CS,6140,02,Lecture
36077-3873-75,36077,3873,75,CS,6140,03,Lecture
34262-2310-75,34262,2310,75,CS,6200,01,Lecture
34635-402-75,34635,402,75,CS,6220,01,Lecture
35981-3424-75,35981,3424,75,CS,6220,02,Lecture
36115-3091-75,36115,3091,75,CS,6220,03,Lecture
34142-296-75,34142,296,75,CS,6240,01,Lecture
36025-2315-75,36025,2315,75,CS,6240,02,Lecture
34143-113-75,34143,113,75,CS,6350,01,Lecture
36063-113-75,36063,113,75,CS,6351,01,Lab
34834-1125-75,34834,1125,75,CS,6410,01,Lecture
34636-2738-75,34636,2738,75,CS,6510,01,Lecture
36026-2738-75,36026,2738,75,CS,6510,02,Lecture
36170-1069-75,36170,1069,75,CS,6620,01,Lecture
35406-3904-75,35406,3904,75,CS,6710,01,Lecture
33548-1248-75,33548,1248,75,CS,6740,01,Lecture
35960-3136-75,35960,3136,75,CS,6750,01,Lecture
36002-3905-75,36002,3905,75,CS,6949,01,Seminar
35677-3097-75,35677,3097,75,CS,7140,01,Lecture
35961-2405-75,35961,2405,75,CS,7290,01,Lecture
35678-3190-75,35678,3190,75,CS,7295,01,Seminar
35679-2604-75,35679,2604,75,CS,7485,01,Lecture
36090-3825-75,36090,3825,75,CS,7580,01,Lecture
36027-3296-75,36027,3296,75,CS,7680,01,Lecture
35680-3904-75,35680,3904,75,CS,7780,01,Lecture
33595-1630-75,33595,1630,75,CS,7805,01,Lecture
34835-2003-75,34835,2003,75,CS,7880,01,Lecture
35722-3660-75,35722,3660,75,CS,2000,01,Lecture
35723-3660-75,35723,3660,75,CS,2001,01,Lab
35964-3660-75,35964,3660,75,CS,2001,02,Lab
35203-80-75,35203,80,75,CS,4100,01,Lecture
35204-3088-75,35204,3088,75,CS,4200,01,Lecture
35724-3475-75,35724,3475,75,CS,4300,01,Lecture
35725-1571-75,35725,1571,75,CS,4400,01,Lecture
35408-3570-75,35408,3570,75,CS,5110,01,Lecture
35402-3192-75,35402,3192,75,CS,5220,01,Lecture
35407-402-75,35407,402,75,CS,5230,01,Lecture
35452-1112-75,35452,1112,75,CS,5002,01,Lecture
35453-1787-75,35453,1787,75,CS,5004,01,Lecture
33728-3783-75,33728,3783,75,CS,5010,01,Lecture
36049-1787-75,36049,1787,75,CS,5040,01,Lecture
34173-3115-75,34173,3115,75,CS,5130,01,Lecture
34174-3115-75,34174,3115,75,CS,5131,01,Lab
33729-825-75,33729,825,75,CS,5150,01,Lecture
34036-825-75,34036,825,75,CS,5151,01,Lab
34264-1006-75,34264,1006,75,CS,5200,01,Lecture
33877-3358-75,33877,3358,75,CS,5210,01,Lecture
34037-1802-75,34037,1802,75,CS,5240,01,Lecture
34050-2692-75,34050,2692,75,CS,6120,01,Lecture
34836-2692-75,34836,2692,75,CS,6121,01,Lab
34148-1427-75,34148,1427,75,CS,1500,01,Lecture
35205-80-75,35205,80,75,CS,2000,01,Lecture
33163-1679-75,33163,1679,75,CS,3500,01,Lecture
33257-2348-75,33257,2348,75,CS,4300,01,Lecture
33117-113-75,33117,113,75,CS,4800,01,Lecture
33482-80-75,33482,80,75,CS,4900,01,Lecture
32737-1239-74,32737,1239,74,CS,5006,01,Lecture
32738-2694-74,32738,2694,74,CS,5006,02,Lecture
32739-3373-74,32739,3373,74,CS,5006,03,Lecture
32740-320-74,32740,320,74,CS,5001,01,Lecture
29915-577-69,29915,577,69,CS,1100,03,Lecture
29916-1427-69,29916,1427,69,CS,1100,04,Lecture
29917-1679-69,29917,1679,69,CS,1100,05,Lecture
29918-577-69,29918,577,69,CS,1100,06,Lecture
30799-3423-69,30799,3423,69,CS,1100,07,Lecture
31049-2348-69,31049,2348,69,CS,1100,08,Lecture
31571-577-69,31571,577,69,CS,1100,11,Lecture
31572-1427-69,31572,1427,69,CS,1100,12,Lecture
31573-1679-69,31573,1679,69,CS,1100,13,Lecture
31574-577-69,31574,577,69,CS,1100,14,Lecture
31575-3423-69,31575,3423,69,CS,1100,15,Lecture
31576-2348-69,31576,2348,69,CS,1100,16,Lecture
31577-577-69,31577,577,69,CS,1100,19,Lecture
31578-1427-69,31578,1427,69,CS,1100,20,Lecture
31579-1679-69,31579,1679,69,CS,1100,21,Lecture
31580-577-69,31580,577,69,CS,1100,22,Lecture
31582-3423-69,31582,3423,69,CS,1100,23,Lecture
31585-2348-69,31585,2348,69,CS,1100,24,Lecture
29488-2413-69,29488,2413,69,CS,1200,02,Lecture
29487-3665-69,29487,3665,69,CS,1200,03,Lecture
29486-3472-69,29486,3472,69,CS,1200,04,Lecture
30466-3472-69,30466,3472,69,CS,1200,05,Lecture
30505-2302-69,30505,2302,69,CS,1200,06,Lecture
30749-2413-69,30749,2413,69,CS,1200,07,Lecture
30750-2302-69,30750,2302,69,CS,1200,08,Lecture
30800-3463-69,30800,3463,69,CS,1200,09,Lecture
30905-3665-69,30905,3665,69,CS,1200,10,Lecture
30990-3659-69,30990,3659,69,CS,1200,11,Lecture
31183-2301-69,31183,2301,69,CS,1200,12,Lecture
31184-3463-69,31184,3463,69,CS,1200,13,Lecture
31185-2302-69,31185,2302,69,CS,1200,14,Lecture
31186-3746-69,31186,3746,69,CS,1200,15,Lecture
31187-2413-69,31187,2413,69,CS,1200,16,Lecture
31188-3746-69,31188,3746,69,CS,1200,17,Lecture
31581-3665-69,31581,3665,69,CS,1200,18,Lecture
31583-2301-69,31583,2301,69,CS,1200,19,Lecture
31584-3746-69,31584,3746,69,CS,1200,20,Lecture
32011-3463-69,32011,3463,69,CS,1200,21,Lecture
32012-3746-69,32012,3746,69,CS,1200,22,Lecture
32013-3463-69,32013,3463,69,CS,1200,23,Lecture
32014-3665-69,32014,3665,69,CS,1200,24,Lecture
30631-2306-69,30631,2306,69,CS,1210,01,Lecture
30632-300-69,30632,300,69,CS,1210,02,Lecture
31182-3530-69,31182,3530,69,CS,1210,03,Lecture
30991-2257-69,30991,2257,69,CS,1210,04,Lecture
31001-2306-69,31001,2306,69,CS,1210,05,Lecture
31189-3530-69,31189,3530,69,CS,1210,06,Lecture
31286-3559-69,31286,3559,69,CS,1210,08,Lecture
31586-3621-69,31586,3621,69,CS,1210,10,Lecture
32015-3559-69,32015,3559,69,CS,1210,11,Lecture
32016-3621-69,32016,3621,69,CS,1210,12,Lecture
29494-2309-69,29494,2309,69,CS,1800,01,Lecture
29493-453-69,29493,453,69,CS,1800,02,Lecture
31054-402-69,31054,402,69,CS,1800,03,Lecture
32017-2003-69,32017,2003,69,CS,1802,01,Seminar
32018-3666-69,32018,3666,69,CS,1802,02,Seminar
32019-2003-69,32019,2003,69,CS,1802,03,Seminar
32020-3311-69,32020,3311,69,CS,1802,04,Seminar
32021-3666-69,32021,3666,69,CS,1802,05,Seminar
32022-3666-69,32022,3666,69,CS,1802,06,Seminar
32023-3311-69,32023,3311,69,CS,1802,07,Seminar
32024-2003-69,32024,2003,69,CS,1802,08,Seminar
32025-3311-69,32025,3311,69,CS,1802,09,Seminar
32026-2003-69,32026,2003,69,CS,1802,10,Seminar
32027-3438-69,32027,3438,69,CS,1802,11,Seminar
32028-3666-69,32028,3666,69,CS,1802,12,Seminar
32029-2309-69,32029,2309,69,CS,1802,13,Seminar
32030-3666-69,32030,3666,69,CS,1802,14,Seminar
32031-3438-69,32031,3438,69,CS,1802,15,Seminar
32034-1571-69,32034,1571,69,CS,1802,16,Seminar
32035-402-69,32035,402,69,CS,1802,18,Seminar
32036-3666-69,32036,3666,69,CS,1802,19,Seminar
32037-402-69,32037,402,69,CS,1802,20,Seminar
32038-3311-69,32038,3311,69,CS,1802,21,Seminar
32039-2309-69,32039,2309,69,CS,1802,22,Seminar
32040-3438-69,32040,3438,69,CS,1802,23,Seminar
32041-2309-69,32041,2309,69,CS,1802,24,Seminar
32042-1571-69,32042,1571,69,CS,1802,25,Seminar
32043-1571-69,32043,1571,69,CS,1802,26,Seminar
32044-3438-69,32044,3438,69,CS,1802,27,Seminar
32045-402-69,32045,402,69,CS,1802,29,Seminar
32046-1571-69,32046,1571,69,CS,1802,30,Seminar
32047-2309-69,32047,2309,69,CS,1802,31,Seminar
32048-402-69,32048,402,69,CS,1802,32,Seminar
29492-1567-69,29492,1567,69,CS,2500,01,Lecture
29491-1567-69,29491,1567,69,CS,2500,02,Lecture
29986-1007-69,29986,1007,69,CS,2500,03,Lecture
30400-1665-69,30400,1665,69,CS,2500,04,Lecture
30633-2310-69,30633,2310,69,CS,2500,05,Lecture
30634-3130-69,30634,3130,69,CS,2500,06,Lecture
30635-2563-69,30635,2563,69,CS,2500,07,Lecture
29335-3270-69,29335,3270,69,CS,2501,01,Lab
29651-3270-69,29651,3270,69,CS,2501,02,Lab
29652-3270-69,29652,3270,69,CS,2501,04,Lab
29279-1239-69,29279,1239,69,CS,2510,01,Lecture
30972-1239-69,30972,1239,69,CS,2510,02,Lecture
31587-2969-69,31587,2969,69,CS,2510,03,Lecture
29235-2348-69,29235,2348,69,CS,2800,01,Lecture
29734-2348-69,29734,2348,69,CS,2801,01,Lab
29906-2348-69,29906,2348,69,CS,2801,02,Lab
30506-2348-69,30506,2348,69,CS,2801,03,Lab
32049-2348-69,32049,2348,69,CS,2801,04,Lab
29479-1427-69,29479,1427,69,CS,3200,01,Lecture
31588-3475-69,31588,3475,69,CS,3200,02,Lecture
29485-2749-69,29485,2749,69,CS,3500,01,Lecture
29482-2969-69,29482,2969,69,CS,3500,02,Lecture
31589-2969-69,31589,2969,69,CS,3500,03,Lecture
32408-3423-69,32408,3423,69,CS,3500,04,Lecture
30636-2382-69,30636,2382,69,CS,3520,01,Lecture
30906-2398-69,30906,2398,69,CS,3650,01,Lecture
31190-2398-69,31190,2398,69,CS,3650,02,Lecture
31590-3666-69,31590,3666,69,CS,3650,03,Lecture
30907-1570-69,30907,1570,69,CS,3700,01,Lecture
29480-3660-69,29480,3660,69,CS,3800,01,Lecture
31391-515-69,31391,515,69,CS,3800,02,Lecture
30491-3129-69,30491,3129,69,CS,4100,01,Lecture
31700-2299-69,31700,2299,69,CS,4120,01,Lecture
30219-2749-69,30219,2749,69,CS,4300,01,Lecture
29653-737-69,29653,737,69,CS,4400,01,Lecture
29478-2099-69,29478,2099,69,CS,4500,01,Lecture
31372-2099-69,31372,2099,69,CS,4500,02,Lecture
32050-1679-69,32050,1679,69,CS,4500,03,Lecture
32051-2398-69,32051,2398,69,CS,4550,01,Lecture
31768-1525-69,31768,1525,69,CS,4610,01,Lecture
29072-2748-69,29072,2748,69,CS,4700,01,Lecture
29907-709-69,29907,709,69,CS,4740,01,Lecture
29654-3438-69,29654,3438,69,CS,4800,01,Lecture
31191-3311-69,31191,3311,69,CS,4800,02,Lecture
31315-1239-69,31315,1239,69,CS,5001,01,Lecture
32369-834-69,32369,834,69,CS,5001,02,Lecture
32483-3373-69,32483,3373,69,CS,5001,03,Lecture
31316-3311-69,31316,3311,69,CS,5002,01,Lecture
32425-3296-69,32425,3296,69,CS,5002,02,Lecture
32425-3159-69,32425,3159,69,CS,5002,02,Lecture
32484-3373-69,32484,3373,69,CS,5002,03,Lecture
31614-1239-69,31614,1239,69,CS,5003,01,Recitation/Discussion
32370-834-69,32370,834,69,CS,5003,02,Recitation/Discussion
32371-3293-69,32371,3293,69,CS,5003,03,Recitation/Discussion
32485-3373-69,32485,3373,69,CS,5003,04,Recitation/Discussion
30007-723-69,30007,723,69,CS,5010,01,Lecture
30962-723-69,30962,723,69,CS,5010,02,Lecture
30768-515-69,30768,515,69,CS,5010,03,Lecture
32446-3296-69,32446,3296,69,CS,5010,04,Lecture
32446-2738-69,32446,2738,69,CS,5010,04,Lecture
32446-3293-69,32446,3293,69,CS,5010,04,Lecture
32486-3691-69,32486,3691,69,CS,5010,05,Lecture
29803-723-69,29803,723,69,CS,5011,01,Recitation/Discussion
29871-723-69,29871,723,69,CS,5011,02,Recitation/Discussion
29885-723-69,29885,723,69,CS,5011,03,Recitation/Discussion
29749-723-69,29749,723,69,CS,5011,04,Recitation/Discussion
32448-3296-69,32448,3296,69,CS,5011,05,Recitation/Discussion
32448-2738-69,32448,2738,69,CS,5011,05,Recitation/Discussion
32448-3293-69,32448,3293,69,CS,5011,05,Recitation/Discussion
32448-2906-69,32448,2906,69,CS,5011,05,Recitation/Discussion
32447-3296-69,32447,3296,69,CS,5011,06,Recitation/Discussion
32447-2738-69,32447,2738,69,CS,5011,06,Recitation/Discussion
32447-3293-69,32447,3293,69,CS,5011,06,Recitation/Discussion
32447-2906-69,32447,2906,69,CS,5011,06,Recitation/Discussion
32487-3691-69,32487,3691,69,CS,5011,07,Recitation/Discussion
30292-2770-69,30292,2770,69,CS,5100,01,Lecture
29853-1679-69,29853,1679,69,CS,5200,01,Lecture
30963-3664-69,30963,3664,69,CS,5200,02,Lecture
32373-2386-69,32373,2386,69,CS,5200,03,Lecture
32488-3373-69,32488,3373,69,CS,5200,04,Lecture
32227-2749-69,32227,2749,69,CS,5310,01,Lecture
32374-3293-69,32374,3293,69,CS,5330,01,Lecture
31769-1525-69,31769,1525,69,CS,5335,01,Lecture
31192-3666-69,31192,3666,69,CS,5340,01,Lecture
29758-737-69,29758,737,69,CS,5400,01,Lecture
30225-3108-69,30225,3108,69,CS,5500,01,Lecture
31270-2099-69,31270,2099,69,CS,5500,02,Lecture
32434-2693-69,32434,2693,69,CS,5500,03,Lecture
32375-3296-69,32375,3296,69,CS,5520,01,Lecture
29854-2113-69,29854,2113,69,CS,5600,01,Lecture
30794-1069-69,30794,1069,69,CS,5600,02,Lecture
32424-2290-69,32424,2290,69,CS,5600,03,Lecture
30662-1679-69,30662,1679,69,CS,5610,01,Lecture
29852-2748-69,29852,2748,69,CS,5700,01,Lecture
32372-1803-69,32372,1803,69,CS,5700,02,Lecture
30271-925-69,30271,925,69,CS,5770,01,Lecture
29856-593-69,29856,593,69,CS,5800,01,Lecture
32337-3438-69,32337,3438,69,CS,5800,02,Lecture
32376-3090-69,32376,3090,69,CS,5800,03,Lecture
32379-1247-69,32379,1247,69,CS,5800,04,Lecture
32377-3629-69,32377,3629,69,CS,5850,01,Lecture
31615-2299-69,31615,2299,69,CS,6120,01,Lecture
30094-3192-69,30094,3192,69,CS,6140,01,Lecture
32418-2405-69,32418,2405,69,CS,6140,02,Lecture
30492-2310-69,30492,2310,69,CS,6200,01,Lecture
31355-2310-69,31355,2310,69,CS,6200,02,Lecture
32426-3628-69,32426,3628,69,CS,6200,03,Lecture
30661-3664-69,30661,3664,69,CS,6220,01,Lecture
32479-3091-69,32479,3091,69,CS,6220,02,Lecture
30259-296-69,30259,296,69,CS,6240,01,Lecture
30902-1498-69,30902,1498,69,CS,6240,02,Lecture
32480-2906-69,32480,2906,69,CS,6410,01,Lecture
32378-2738-69,32378,2738,69,CS,6650,01,Lecture
30224-709-69,30224,709,69,CS,6740,01,Lecture
31398-1671-69,31398,1671,69,CS,7180,01,Lecture
32350-296-69,32350,296,69,CS,7290,02,Lecture
32350-3684-69,32350,3684,69,CS,7290,02,Lecture
32652-3088-69,32652,3088,69,CS,7295,01,Seminar
31193-1125-69,31193,1125,69,CS,7480,01,Lecture
30660-532-69,30660,532,69,CS,7600,01,Lecture
32579-3483-69,32579,3483,69,CS,7775,01,Seminar
29851-2337-69,29851,2337,69,CS,7800,01,Lecture
32517-1630-69,32517,1630,69,CS,7810,01,Lecture
32003-1771-69,32003,1771,69,CS,7880,01,Lecture
31695-80-69,31695,80,69,CS,4100,01,Lecture
32052-3190-69,32052,3190,69,CS,4200,01,Lecture
32053-1571-69,32053,1571,69,CS,4400,01,Lecture
32344-3423-69,32344,3423,69,CS,5010,01,Lecture
32353-2878-69,32353,2878,69,CS,5020,01,Lecture
32345-3570-69,32345,3570,69,CS,5110,01,Lecture
32006-2405-69,32006,2405,69,CS,5220,01,Lecture
32409-3664-69,32409,3664,69,CS,5230,01,Lecture
30108-1006-69,30108,1006,69,CS,5010,01,Lecture
30152-320-69,30152,320,69,CS,5010,02,Lecture
30402-1112-69,30402,1112,69,CS,5120,01,Lecture
30402-1006-69,30402,1006,69,CS,5120,01,Lecture
30109-3115-69,30109,3115,69,CS,5130,01,Lecture
30109-1006-69,30109,1006,69,CS,5130,01,Lecture
31802-3115-69,31802,3115,69,CS,5131,01,Lab
31802-1006-69,31802,1006,69,CS,5131,01,Lab
30515-825-69,30515,825,69,CS,5150,01,Lecture
30516-825-69,30516,825,69,CS,5151,01,Lab
30110-1006-69,30110,1006,69,CS,5200,01,Lecture
30403-3358-69,30403,3358,69,CS,5210,01,Lecture
30403-1006-69,30403,1006,69,CS,5210,01,Lecture
30404-3358-69,30404,3358,69,CS,5211,02,Lab
31698-174-69,31698,174,69,CS,8660,01,Seminar
30446-1427-69,30446,1427,69,CS,1500,01,Lecture
29471-80-69,29471,80,69,CS,2000,01,Lecture
32054-2310-69,32054,2310,69,CS,4200,01,Lecture
29171-2348-69,29171,2348,69,CS,4300,01,Lecture
23741-1239-57,23741,1239,57,CS,1100,01,Lecture
23893-1679-57,23893,1679,57,CS,4550,01,Lecture
23799-2309-57,23799,2309,57,CS,4800,01,Lecture
23906-1239-57,23906,1239,57,CS,5006,01,Lecture
23949-3373-57,23949,3373,57,CS,5006,03,Lecture
23907-1239-57,23907,1239,57,CS,5007,01,Lecture
23950-3373-57,23950,3373,57,CS,5007,03,Lecture
23908-1679-57,23908,1679,57,CS,5610,01,Lecture
23947-3438-57,23947,3438,57,CS,5800,01,Lecture
23761-1239-57,23761,1239,57,CS,1500,01,Lecture
23605-2693-56,23605,2693,56,CS,5500,01,Lecture
23608-2724-56,23608,2724,56,CS,5610,01,Lecture
23610-3423-56,23610,3423,56,CS,5610,02,Lecture
23618-2906-56,23618,2906,56,CS,5770,01,Lecture
23606-3293-56,23606,3293,56,CS,5800,01,Lecture
23621-402-56,23621,402,56,CS,6200,01,Lecture
23594-1787-56,23594,1787,56,CS,5040,01,Lecture
23597-1112-56,23597,1112,56,CS,5120,01,Lecture
23593-1802-56,23593,1802,56,CS,5240,01,Lecture
22971-2267-55,22971,2267,55,CS,1100,01,Lecture
23106-3311-55,23106,3311,55,CS,1800,01,Lecture
23107-3311-55,23107,3311,55,CS,1801,01,Recitation/Discussion
23108-3311-55,23108,3311,55,CS,1801,02,Recitation/Discussion
23074-1239-55,23074,1239,55,CS,2500,01,Lecture
23075-3270-55,23075,3270,55,CS,2501,01,Lab
23189-3270-55,23189,3270,55,CS,2501,02,Lab
22972-1239-55,22972,1239,55,CS,2510,01,Lecture
22973-1239-55,22973,1239,55,CS,2511,01,Lab
23109-1239-55,23109,1239,55,CS,2511,02,Lab
23110-2348-55,23110,2348,55,CS,2800,01,Lecture
23111-2348-55,23111,2348,55,CS,2801,01,Lab
23112-2348-55,23112,2348,55,CS,2801,02,Lab
23190-1571-55,23190,1571,55,CS,3200,01,Lecture
22989-2969-55,22989,2969,55,CS,3500,01,Lecture
23278-2099-55,23278,2099,55,CS,3500,02,Lecture
23213-1679-55,23213,1679,55,CS,4550,01,Lecture
23076-2309-55,23076,2309,55,CS,4800,01,Lecture
23287-2749-55,23287,2749,55,CS,5004,01,Lecture
23351-3373-55,23351,3373,55,CS,5004,03,Lecture
23288-2749-55,23288,2749,55,CS,5005,01,Recitation/Discussion
23352-3373-55,23352,3373,55,CS,5005,03,Recitation/Discussion
23357-3400-55,23357,3400,55,CS,5100,01,Lecture
23332-1427-55,23332,1427,55,CS,5200,01,Lecture
23331-2099-55,23331,2099,55,CS,5500,01,Lecture
23200-1679-55,23200,1679,55,CS,5610,01,Lecture
23306-2853-55,23306,2853,55,CS,5800,01,Lecture
23096-1427-55,23096,1427,55,CS,1500,01,Lecture
20420-2294-52,20420,2294,52,CS,1100,01,Lecture
20421-577-52,20421,577,52,CS,1100,02,Lecture
20422-1427-52,20422,1427,52,CS,1100,03,Lecture
20423-577-52,20423,577,52,CS,1100,04,Lecture
20679-1427-52,20679,1427,52,CS,1100,05,Lecture
21035-2310-52,21035,2310,52,CS,1100,06,Lecture
21756-2294-52,21756,2294,52,CS,1100,08,Lecture
22244-577-52,22244,577,52,CS,1100,10,Lecture
22245-1427-52,22245,1427,52,CS,1100,11,Lecture
22246-577-52,22246,577,52,CS,1100,12,Lecture
22247-1427-52,22247,1427,52,CS,1100,13,Lecture
22248-2310-52,22248,2310,52,CS,1100,14,Lecture
22250-2294-52,22250,2294,52,CS,1100,15,Lecture
22251-2294-52,22251,2294,52,CS,1100,16,Lecture
22252-577-52,22252,577,52,CS,1100,18,Lecture
22253-1427-52,22253,1427,52,CS,1100,19,Lecture
22254-577-52,22254,577,52,CS,1100,20,Lecture
22255-1427-52,22255,1427,52,CS,1100,21,Lecture
22256-2310-52,22256,2310,52,CS,1100,22,Lecture
22257-2294-52,22257,2294,52,CS,1100,23,Lecture
22258-2294-52,22258,2294,52,CS,1100,24,Lecture
21036-3110-52,21036,3110,52,CS,1200,01,Lecture
19949-1196-52,19949,1196,52,CS,1210,01,Lecture
19948-300-52,19948,300,52,CS,1210,02,Lecture
21451-2257-52,21451,2257,52,CS,1210,03,Lecture
21757-2306-52,21757,2306,52,CS,1210,04,Lecture
19950-2309-52,19950,2309,52,CS,1800,01,Lecture
21452-3311-52,21452,3311,52,CS,1800,02,Lecture
21569-3311-52,21569,3311,52,CS,1800,03,Lecture
21303-2309-52,21303,2309,52,CS,1801,01,Recitation/Discussion
21304-2309-52,21304,2309,52,CS,1801,02,Recitation/Discussion
21305-2309-52,21305,2309,52,CS,1801,03,Recitation/Discussion
21453-2309-52,21453,2309,52,CS,1801,04,Recitation/Discussion
21454-2309-52,21454,2309,52,CS,1801,05,Recitation/Discussion
21455-1427-52,21455,1427,52,CS,1801,06,Recitation/Discussion
19834-1125-52,19834,1125,52,CS,2500,01,Lecture
21037-1125-52,21037,1125,52,CS,2500,02,Lecture
21570-2398-52,21570,2398,52,CS,2500,03,Lecture
22259-2398-52,22259,2398,52,CS,2500,04,Lecture
19833-3270-52,19833,3270,52,CS,2501,01,Lab
20636-3270-52,20636,3270,52,CS,2501,02,Lab
20984-3270-52,20984,3270,52,CS,2501,03,Lab
21456-3270-52,21456,3270,52,CS,2501,04,Lab
22684-3270-52,22684,3270,52,CS,2501,05,Lab
22685-3270-52,22685,3270,52,CS,2501,06,Lab
19801-1239-52,19801,1239,52,CS,2510,01,Lecture
19800-1239-52,19800,1239,52,CS,2510,02,Lecture
20594-1567-52,20594,1567,52,CS,2510,03,Lecture
21259-2969-52,21259,2969,52,CS,2510,04,Lecture
21995-2969-52,21995,2969,52,CS,2510,05,Lecture
22260-2310-52,22260,2310,52,CS,2510,06,Lecture
19796-1567-52,19796,1567,52,CS,2511,01,Lab
19796-3270-52,19796,3270,52,CS,2511,01,Lab
20166-1567-52,20166,1567,52,CS,2511,02,Lab
20166-3270-52,20166,3270,52,CS,2511,02,Lab
19795-1239-52,19795,1239,52,CS,2511,03,Lab
19795-3270-52,19795,3270,52,CS,2511,03,Lab
19794-1239-52,19794,1239,52,CS,2511,04,Lab
19794-3270-52,19794,3270,52,CS,2511,04,Lab
20595-1239-52,20595,1239,52,CS,2511,05,Lab
20595-3270-52,20595,3270,52,CS,2511,05,Lab
20680-1239-52,20680,1239,52,CS,2511,06,Lab
20680-3270-52,20680,3270,52,CS,2511,06,Lab
21457-1239-52,21457,1239,52,CS,2511,07,Lab
21457-3270-52,21457,3270,52,CS,2511,07,Lab
21458-1239-52,21458,1239,52,CS,2511,08,Lab
21458-3270-52,21458,3270,52,CS,2511,08,Lab
22261-1239-52,22261,1239,52,CS,2511,09,Lab
22261-3270-52,22261,3270,52,CS,2511,09,Lab
22262-1239-52,22262,1239,52,CS,2511,10,Lab
22262-3270-52,22262,3270,52,CS,2511,10,Lab
19592-1247-52,19592,1247,52,CS,2800,01,Lecture
19591-2348-52,19591,2348,52,CS,2800,02,Lecture
21459-2604-52,21459,2604,52,CS,2800,03,Lecture
21764-2348-52,21764,2348,52,CS,2800,04,Lecture
21994-2604-52,21994,2604,52,CS,2800,05,Lecture
19549-2604-52,19549,2604,52,CS,2801,01,Lab
19530-2604-52,19530,2604,52,CS,2801,02,Lab
19529-2604-52,19529,2604,52,CS,2801,03,Lab
19528-2604-52,19528,2604,52,CS,2801,04,Lab
20215-2604-52,20215,2604,52,CS,2801,05,Lab
20218-2604-52,20218,2604,52,CS,2801,06,Lab
20212-2604-52,20212,2604,52,CS,2801,07,Lab
20216-2604-52,20216,2604,52,CS,2801,08,Lab
19931-1571-52,19931,1571,52,CS,3200,01,Lecture
22263-1571-52,22263,1571,52,CS,3200,02,Lecture
19947-2749-52,19947,2749,52,CS,3500,01,Lecture
21765-2749-52,21765,2749,52,CS,3500,02,Lecture
22264-499-52,22264,499,52,CS,3520,01,Lecture
21038-1569-52,21038,1569,52,CS,3540,01,Lecture
21460-2398-52,21460,2398,52,CS,3650,01,Lecture
21461-1069-52,21461,1069,52,CS,3700,01,Lecture
19946-2309-52,19946,2309,52,CS,3800,01,Lecture
19777-3130-52,19777,3130,52,CS,4100,01,Lecture
21558-1671-52,21558,1671,52,CS,4120,01,Lecture
21766-1766-52,21766,1766,52,CS,4150,01,Lecture
20165-1569-52,20165,1569,52,CS,4300,01,Lecture
19930-737-52,19930,737,52,CS,4400,01,Lecture
21761-1567-52,21761,1567,52,CS,4410,01,Lecture
19929-2099-52,19929,2099,52,CS,4500,01,Lecture
21759-2099-52,21759,2099,52,CS,4500,02,Lecture
20912-972-52,20912,972,52,CS,4520,01,Lecture
19667-1679-52,19667,1679,52,CS,4550,01,Lecture
22265-1679-52,22265,1679,52,CS,4550,02,Lecture
19668-1570-52,19668,1570,52,CS,4700,01,Lecture
20419-709-52,20419,709,52,CS,4740,01,Lecture
22266-3136-52,22266,3136,52,CS,4770,01,Lecture
19928-3093-52,19928,3093,52,CS,4800,01,Lecture
21571-2294-52,21571,2294,52,CS,4800,02,Lecture
21039-1569-52,21039,1569,52,CS,4850,01,Lecture
22595-1239-52,22595,1239,52,CS,5001,02,Lecture
22762-3373-52,22762,3373,52,CS,5001,03,Lecture
22596-3311-52,22596,3311,52,CS,5002,02,Lecture
22763-3373-52,22763,3373,52,CS,5002,03,Lecture
22597-1239-52,22597,1239,52,CS,5003,02,Recitation/Discussion
22764-3373-52,22764,3373,52,CS,5003,03,Recitation/Discussion
22622-3293-52,22622,3293,52,CS,5004,01,Lecture
22622-834-52,22622,834,52,CS,5004,01,Lecture
22598-2749-52,22598,2749,52,CS,5004,02,Lecture
22626-3293-52,22626,3293,52,CS,5005,01,Recitation/Discussion
22626-834-52,22626,834,52,CS,5005,01,Recitation/Discussion
22600-2749-52,22600,2749,52,CS,5005,02,Recitation/Discussion
22627-3293-52,22627,3293,52,CS,5005,03,Recitation/Discussion
22627-834-52,22627,834,52,CS,5005,03,Recitation/Discussion
22628-2694-52,22628,2694,52,CS,5006,02,Lecture
22513-3239-52,22513,3239,52,CS,5007,01,Lecture
20232-515-52,20232,515,52,CS,5010,01,Lecture
21261-515-52,21261,515,52,CS,5010,02,Lecture
20385-515-52,20385,515,52,CS,5011,01,Recitation/Discussion
21264-515-52,21264,515,52,CS,5011,02,Recitation/Discussion
21475-515-52,21475,515,52,CS,5011,03,Recitation/Discussion
21718-515-52,21718,515,52,CS,5011,04,Recitation/Discussion
20859-1525-52,20859,1525,52,CS,5100,01,Lecture
21719-1766-52,21719,1766,52,CS,5150,01,Lecture
20715-499-52,20715,499,52,CS,5200,01,Lecture
22631-2386-52,22631,2386,52,CS,5200,02,Lecture
22630-3293-52,22630,3293,52,CS,5330,01,Lecture
20290-737-52,20290,737,52,CS,5400,01,Lecture
20368-2099-52,20368,2099,52,CS,5500,01,Lecture
21913-3108-52,21913,3108,52,CS,5500,02,Lecture
20903-972-52,20903,972,52,CS,5520,01,Lecture
22620-3296-52,22620,3296,52,CS,5520,02,Lecture
20714-2113-52,20714,2113,52,CS,5600,01,Lecture
20240-1679-52,20240,1679,52,CS,5610,01,Lecture
21208-1679-52,21208,1679,52,CS,5610,02,Lecture
20241-1570-52,20241,1570,52,CS,5700,01,Lecture
21556-1248-52,21556,1248,52,CS,5770,01,Lecture
22619-2906-52,22619,2906,52,CS,5770,02,Lecture
20242-1771-52,20242,1771,52,CS,5800,01,Lecture
20977-1771-52,20977,1771,52,CS,5800,02,Lecture
20996-402-52,20996,402,52,CS,5800,03,Lecture
22618-1803-52,22618,1803,52,CS,5800,04,Lecture
22773-3368-52,22773,3368,52,CS,5800,05,Lecture
21048-1569-52,21048,1569,52,CS,5850,01,Lecture
20904-1671-52,20904,1671,52,CS,6120,01,Lecture
20905-2405-52,20905,2405,52,CS,6140,01,Lecture
22220-2299-52,22220,2299,52,CS,6140,02,Lecture
22625-2180-52,22625,2180,52,CS,6140,03,Lecture
21046-2310-52,21046,2310,52,CS,6200,01,Lecture
21464-3326-52,21464,3326,52,CS,6220,01,Lecture
21720-3097-52,21720,3097,52,CS,6220,02,Lecture
22662-3091-52,22662,3091,52,CS,6220,03,Lecture
20906-296-52,20906,296,52,CS,6240,01,Lecture
21050-296-52,21050,296,52,CS,6240,02,Lecture
22623-2315-52,22623,2315,52,CS,6240,03,Lecture
20907-113-52,20907,113,52,CS,6350,01,Lecture
21721-1567-52,21721,1567,52,CS,6410,01,Lecture
21465-2738-52,21465,2738,52,CS,6510,01,Lecture
22621-2738-52,22621,2738,52,CS,6510,02,Lecture
22624-2738-52,22624,2738,52,CS,6650,01,Lecture
22634-1963-52,22634,1963,52,CS,6710,01,Lecture
20239-709-52,20239,709,52,CS,6740,01,Lecture
22221-3136-52,22221,3136,52,CS,6750,01,Lecture
22702-3192-52,22702,3192,52,CS,7180,02,Lecture
21047-1243-52,21047,1243,52,CS,7400,01,Lecture
22223-2563-52,22223,2563,52,CS,7480,01,Lecture
21722-2748-52,21722,2748,52,CS,7680,01,Lecture
22224-532-52,22224,532,52,CS,7680,02,Lecture
20289-1630-52,20289,1630,52,CS,7805,01,Lecture
21723-2337-52,21723,2337,52,CS,7880,01,Lecture
22267-80-52,22267,80,52,CS,4100,01,Lecture
22268-3190-52,22268,3190,52,CS,4200,01,Lecture
22778-484-52,22778,484,52,CS,5020,01,Lecture
22636-1498-52,22636,1498,52,CS,5110,01,Lecture
22616-2622-52,22616,2622,52,CS,5220,01,Lecture
22635-2405-52,22635,2405,52,CS,5220,02,Lecture
22225-2883-52,22225,2883,52,CS,5001,01,Lecture
22708-1112-52,22708,1112,52,CS,5002,01,Lecture
22709-1787-52,22709,1787,52,CS,5004,01,Lecture
20433-320-52,20433,320,52,CS,5010,01,Lecture
20946-3115-52,20946,3115,52,CS,5130,01,Lecture
20947-3115-52,20947,3115,52,CS,5131,01,Lab
20434-825-52,20434,825,52,CS,5150,01,Lecture
20791-825-52,20791,825,52,CS,5151,01,Lab
21049-2581-52,21049,2581,52,CS,5200,01,Lecture
20586-3358-52,20586,3358,52,CS,5210,01,Lecture
20792-3358-52,20792,3358,52,CS,5211,01,Lab
20793-1802-52,20793,1802,52,CS,5240,01,Lecture
21724-2648-52,21724,2648,52,CS,5250,01,Lecture
20807-2692-52,20807,2692,52,CS,6120,01,Lecture
20807-1006-52,20807,1006,52,CS,6120,01,Lecture
21725-2692-52,21725,2692,52,CS,6121,01,Lab
21725-1006-52,21725,1006,52,CS,6121,01,Lab
20913-1427-52,20913,1427,52,CS,1500,01,Lecture
22269-80-52,22269,80,52,CS,2000,01,Lecture
19827-1679-52,19827,1679,52,CS,3500,01,Lecture
19927-2348-52,19927,2348,52,CS,4300,01,Lecture
19776-113-52,19776,113,52,CS,4800,01,Lecture
20167-2969-52,20167,2969,52,CS,4900,01,Lecture
19386-3239-50,19386,3239,50,CS,5006,01,Lecture
19387-2694-50,19387,2694,50,CS,5007,02,Lecture
15570-80-43,15570,80,43,CS,1100,01,Lecture
15571-80-43,15571,80,43,CS,1100,02,Lecture
15572-80-43,15572,80,43,CS,1100,03,Lecture
15573-577-43,15573,577,43,CS,1100,04,Lecture
15574-577-43,15574,577,43,CS,1100,05,Lecture
15575-577-43,15575,577,43,CS,1100,06,Lecture
16578-1571-43,16578,1571,43,CS,1100,07,Lecture
16873-1571-43,16873,1571,43,CS,1100,08,Lecture
17608-1571-43,17608,1571,43,CS,1100,09,Lecture
17609-1427-43,17609,1427,43,CS,1100,10,Lecture
17610-1427-43,17610,1427,43,CS,1100,11,Lecture
17611-1427-43,17611,1427,43,CS,1100,12,Lecture
17612-1427-43,17612,1427,43,CS,1100,13,Lecture
17613-1427-43,17613,1427,43,CS,1100,14,Lecture
17614-1427-43,17614,1427,43,CS,1100,15,Lecture
17615-1427-43,17615,1427,43,CS,1100,16,Lecture
17616-1427-43,17616,1427,43,CS,1100,17,Lecture
17617-1427-43,17617,1427,43,CS,1100,18,Lecture
17618-577-43,17618,577,43,CS,1100,19,Lecture
17619-577-43,17619,577,43,CS,1100,20,Lecture
17620-577-43,17620,577,43,CS,1100,21,Lecture
17621-2267-43,17621,2267,43,CS,1100,22,Lecture
17622-2267-43,17622,2267,43,CS,1100,23,Lecture
17625-2267-43,17625,2267,43,CS,1100,24,Lecture
15101-260-43,15101,260,43,CS,1200,01,Lecture
15099-2413-43,15099,2413,43,CS,1200,02,Lecture
15098-2412-43,15098,2412,43,CS,1200,03,Lecture
15097-2301-43,15097,2301,43,CS,1200,04,Lecture
16203-2302-43,16203,2302,43,CS,1200,05,Lecture
16244-2413-43,16244,2413,43,CS,1200,06,Lecture
16519-2412-43,16519,2412,43,CS,1200,07,Lecture
16520-260-43,16520,260,43,CS,1200,08,Lecture
16579-3110-43,16579,3110,43,CS,1200,09,Lecture
16705-2302-43,16705,2302,43,CS,1200,10,Lecture
16810-2413-43,16810,2413,43,CS,1200,11,Lecture
17041-3110-43,17041,3110,43,CS,1200,12,Lecture
17042-3110-43,17042,3110,43,CS,1200,13,Lecture
17043-2301-43,17043,2301,43,CS,1200,14,Lecture
17044-2301-43,17044,2301,43,CS,1200,15,Lecture
17045-2413-43,17045,2413,43,CS,1200,16,Lecture
17046-3110-43,17046,3110,43,CS,1200,17,Lecture
17623-2302-43,17623,2302,43,CS,1200,19,Lecture
17624-2301-43,17624,2301,43,CS,1200,20,Lecture
16379-1196-43,16379,1196,43,CS,1210,01,Lecture
16380-300-43,16380,300,43,CS,1210,02,Lecture
17040-2002-43,17040,2002,43,CS,1210,03,Lecture
16811-2257-43,16811,2257,43,CS,1210,04,Lecture
16822-2306-43,16822,2306,43,CS,1210,05,Lecture
17047-1196-43,17047,1196,43,CS,1210,06,Lecture
17048-300-43,17048,300,43,CS,1210,07,Lecture
17191-2002-43,17191,2002,43,CS,1210,08,Lecture
17626-2257-43,17626,2257,43,CS,1210,09,Lecture
17627-2306-43,17627,2306,43,CS,1210,10,Lecture
15106-453-43,15106,453,43,CS,1800,01,Lecture
15105-2309-43,15105,2309,43,CS,1800,02,Lecture
16878-2294-43,16878,2294,43,CS,1800,05,Lecture
17049-2348-43,17049,2348,43,CS,1800,08,Lecture
17050-2294-43,17050,2294,43,CS,1800,09,Lecture
17051-402-43,17051,402,43,CS,1800,11,Lecture
15104-2563-43,15104,2563,43,CS,2500,01,Lecture
15103-1007-43,15103,1007,43,CS,2500,02,Lecture
15649-1243-43,15649,1243,43,CS,2500,03,Lecture
16127-2310-43,16127,2310,43,CS,2500,04,Lecture
16381-1239-43,16381,1239,43,CS,2500,05,Lecture
16382-1567-43,16382,1567,43,CS,2500,06,Lecture
16383-1247-43,16383,1247,43,CS,2500,07,Lecture
17052-1125-43,17052,1125,43,CS,2500,08,Lecture
14886-1239-43,14886,1239,43,CS,2510,01,Lecture
16790-2969-43,16790,2969,43,CS,2510,02,Lecture
17628-2969-43,17628,2969,43,CS,2510,03,Lecture
14841-2348-43,14841,2348,43,CS,2800,01,Lecture
17629-2348-43,17629,2348,43,CS,2800,02,Lecture
15367-2348-43,15367,2348,43,CS,2801,01,Lab
15559-2348-43,15559,2348,43,CS,2801,02,Lab
16245-2348-43,16245,2348,43,CS,2801,03,Lab
15090-1571-43,15090,1571,43,CS,3200,01,Lecture
17630-1571-43,17630,1571,43,CS,3200,02,Lecture
15096-1567-43,15096,1567,43,CS,3500,01,Lecture
15093-2749-43,15093,2749,43,CS,3500,02,Lecture
17631-2749-43,17631,2749,43,CS,3500,03,Lecture
16384-499-43,16384,499,43,CS,3520,01,Lecture
16706-2398-43,16706,2398,43,CS,3650,01,Lecture
17053-532-43,17053,532,43,CS,3650,02,Lecture
17632-2398-43,17632,2398,43,CS,3650,03,Lecture
16707-1665-43,16707,1665,43,CS,3700,01,Lecture
15091-1771-43,15091,1771,43,CS,3800,01,Lecture
17319-1630-43,17319,1630,43,CS,3800,02,Lecture
16228-2770-43,16228,2770,43,CS,4100,01,Lecture
17827-1671-43,17827,1671,43,CS,4120,01,Lecture
15918-2749-43,15918,2749,43,CS,4300,01,Lecture
15280-737-43,15280,737,43,CS,4400,01,Lecture
15089-2099-43,15089,2099,43,CS,4500,01,Lecture
17287-2099-43,17287,2099,43,CS,4500,02,Lecture
17913-1525-43,17913,1525,43,CS,4610,01,Lecture
14669-1570-43,14669,1570,43,CS,4700,01,Lecture
15561-709-43,15561,709,43,CS,4740,01,Lecture
15281-3106-43,15281,3106,43,CS,4800,01,Lecture
17054-3093-43,17054,3093,43,CS,4800,02,Lecture
17633-2294-43,17633,2294,43,CS,4800,03,Lecture
17634-1569-43,17634,1569,43,CS,4850,01,Lecture
17227-834-43,17227,834,43,CS,5001,01,Lecture
17673-1239-43,17673,1239,43,CS,5001,02,Lecture
17228-3109-43,17228,3109,43,CS,5002,01,Lecture
17228-3159-43,17228,3159,43,CS,5002,01,Lecture
17674-2309-43,17674,2309,43,CS,5002,02,Lecture
17675-834-43,17675,834,43,CS,5003,01,Recitation/Discussion
17676-1239-43,17676,1239,43,CS,5003,02,Recitation/Discussion
15674-723-43,15674,723,43,CS,5010,01,Lecture
16777-3204-43,16777,3204,43,CS,5010,02,Lecture
16777-1586-43,16777,1586,43,CS,5010,02,Lecture
16541-723-43,16541,723,43,CS,5010,03,Lecture
16542-515-43,16542,515,43,CS,5010,04,Lecture
15443-723-43,15443,723,43,CS,5011,01,Recitation/Discussion
15520-723-43,15520,723,43,CS,5011,02,Recitation/Discussion
15535-723-43,15535,723,43,CS,5011,03,Recitation/Discussion
15383-723-43,15383,723,43,CS,5011,04,Recitation/Discussion
16778-1586-43,16778,1586,43,CS,5011,05,Recitation/Discussion
16001-3129-43,16001,3129,43,CS,5100,01,Lecture
17841-3128-43,17841,3128,43,CS,5100,02,Lecture
15501-499-43,15501,499,43,CS,5200,01,Lecture
16779-2386-43,16779,2386,43,CS,5200,03,Lecture
17914-1525-43,17914,1525,43,CS,5335,01,Lecture
17058-2040-43,17058,2040,43,CS,5340,01,Lecture
15394-737-43,15394,737,43,CS,5400,01,Lecture
15925-2099-43,15925,2099,43,CS,5500,01,Lecture
17170-515-43,17170,515,43,CS,5500,02,Lecture
17677-2693-43,17677,2693,43,CS,5500,03,Lecture
15502-1069-43,15502,1069,43,CS,5600,01,Lecture
16573-2113-43,16573,2113,43,CS,5600,02,Lecture
16780-834-43,16780,834,43,CS,5600,03,Lecture
16780-2290-43,16780,2290,43,CS,5600,03,Lecture
16410-1679-43,16410,1679,43,CS,5610,01,Lecture
17097-1679-43,17097,1679,43,CS,5610,02,Lecture
17848-2724-43,17848,2724,43,CS,5610,03,Lecture
15500-1570-43,15500,1570,43,CS,5700,01,Lecture
17842-1803-43,17842,1803,43,CS,5700,02,Lecture
15978-925-43,15978,925,43,CS,5770,01,Lecture
15505-593-43,15505,593,43,CS,5800,01,Lecture
17152-3090-43,17152,3090,43,CS,5800,02,Lecture
17943-1569-43,17943,1569,43,CS,5850,01,Lecture
17678-1671-43,17678,1671,43,CS,6120,01,Lecture
15775-3192-43,15775,3192,43,CS,6140,01,Lecture
16229-2310-43,16229,2310,43,CS,6200,01,Lecture
17270-2310-43,17270,2310,43,CS,6200,02,Lecture
16409-3196-43,16409,3196,43,CS,6220,01,Lecture
17059-3091-43,17059,3091,43,CS,6220,02,Lecture
17952-3097-43,17952,3097,43,CS,6220,03,Lecture
15965-296-43,15965,296,43,CS,6240,01,Lecture
16700-2398-43,16700,2398,43,CS,6240,02,Lecture
18056-2738-43,18056,2738,43,CS,6650,01,Lecture
15924-709-43,15924,709,43,CS,6740,01,Lecture
17326-3130-43,17326,3130,43,CS,7180,01,Lecture
17679-3190-43,17679,3190,43,CS,7280,01,Lecture
17928-2405-43,17928,2405,43,CS,7280,02,Lecture
17966-3088-43,17966,3088,43,CS,7280,03,Lecture
17060-3108-43,17060,3108,43,CS,7480,01,Lecture
16408-1069-43,16408,1069,43,CS,7600,01,Lecture
18027-3102-43,18027,3102,43,CS,7680,01,Lecture
17915-3136-43,17915,3136,43,CS,7775,01,Seminar
15499-2337-43,15499,2337,43,CS,7800,01,Lecture
17820-80-43,17820,80,43,CS,4100,01,Lecture
15789-1006-43,15789,1006,43,CS,5010,01,Lecture
15836-320-43,15836,320,43,CS,5010,02,Lecture
16129-1112-43,16129,1112,43,CS,5120,01,Lecture
15790-3216-43,15790,3216,43,CS,5130,01,Lecture
17962-3115-43,17962,3115,43,CS,5130,02,Lecture
17963-3216-43,17963,3216,43,CS,5131,01,Lab
17963-1006-43,17963,1006,43,CS,5131,01,Lab
16179-3115-43,16179,3115,43,CS,5131,02,Lab
16179-1006-43,16179,1006,43,CS,5131,02,Lab
16258-825-43,16258,825,43,CS,5150,01,Lecture
16259-825-43,16259,825,43,CS,5151,01,Lab
15791-1006-43,15791,1006,43,CS,5200,01,Lecture
16130-3067-43,16130,3067,43,CS,5210,01,Lecture
16131-3067-43,16131,3067,43,CS,5211,02,Lab
17825-174-43,17825,174,43,CS,8660,01,Seminar
16180-1679-43,16180,1679,43,CS,1500,01,Lecture
15082-80-43,15082,80,43,CS,2000,01,Lecture
14773-113-43,14773,113,43,CS,4300,01,Lecture
12723-1239-33,12723,1239,33,CS,1100,01,Lecture
12792-2309-33,12792,2309,33,CS,4800,01,Lecture
12911-2751-33,12911,2751,33,CS,5100,01,Lecture
12892-2883-33,12892,2883,33,CS,5001,01,Lecture
12743-1239-33,12743,1239,33,CS,1500,01,Lecture
13138-834-32,13138,834,32,CS,5004,01,Lecture
13139-2290-32,13139,2290,32,CS,5006,01,Lecture
13140-2290-32,13140,2290,32,CS,5007,01,Lecture
13141-2693-32,13141,2693,32,CS,5500,01,Lecture
13160-2906-32,13160,2906,32,CS,5770,01,Lecture
13105-1803-32,13105,1803,32,CS,5800,02,Lecture
13130-402-32,13130,402,32,CS,6200,01,Lecture
13142-2315-32,13142,2315,32,CS,6240,01,Lecture
13180-2907-32,13180,2907,32,CS,6020,01,Seminar
13148-1569-32,13148,1569,32,CS,6030,01,Seminar
13102-1787-32,13102,1787,32,CS,5040,01,Lecture
13127-1112-32,13127,1112,32,CS,5120,01,Lecture
13012-1802-32,13012,1802,32,CS,5240,01,Lecture
12160-2099-31,12160,2099,31,CS,1100,01,Lecture
12335-2310-31,12335,2310,31,CS,1800,01,Lecture
12336-2310-31,12336,2310,31,CS,1801,01,Recitation/Discussion
12337-2310-31,12337,2310,31,CS,1801,02,Recitation/Discussion
12287-1239-31,12287,1239,31,CS,2500,01,Lecture
12288-1239-31,12288,1239,31,CS,2501,01,Lab
12463-1239-31,12463,1239,31,CS,2501,02,Lab
12161-1239-31,12161,1239,31,CS,2510,01,Lecture
12162-1239-31,12162,1239,31,CS,2511,01,Lab
12338-1239-31,12338,1239,31,CS,2511,02,Lab
12339-2348-31,12339,2348,31,CS,2800,01,Lecture
12340-2348-31,12340,2348,31,CS,2801,01,Lab
12341-2348-31,12341,2348,31,CS,2801,02,Lab
12342-2348-31,12342,2348,31,CS,2801,03,Lab
12343-2348-31,12343,2348,31,CS,2801,04,Lab
12464-1571-31,12464,1571,31,CS,3200,01,Lecture
12182-2749-31,12182,2749,31,CS,3500,01,Lecture
12529-1679-31,12529,1679,31,CS,4550,01,Lecture
12289-2309-31,12289,2309,31,CS,4800,01,Lecture
12505-1679-31,12505,1679,31,CS,5610,01,Lecture
12506-2267-31,12506,2267,31,CS,5800,01,Lecture
12507-2853-31,12507,2853,31,CS,6750,01,Lecture
12321-80-31,12321,80,31,CS,1500,01,Lecture
12465-80-31,12465,80,31,CS,2000,01,Lecture
9712-80-27,9712,80,27,CS,1100,01,Lecture
9713-577-27,9713,577,27,CS,1100,02,Lecture
9714-577-27,9714,577,27,CS,1100,03,Lecture
9715-1571-27,9715,1571,27,CS,1100,04,Lecture
10014-2294-27,10014,2294,27,CS,1100,05,Lecture
10444-2294-27,10444,2294,27,CS,1100,06,Lecture
10948-1427-27,10948,1427,27,CS,1100,07,Lecture
11409-2269-27,11409,2269,27,CS,1100,08,Lecture
10445-260-27,10445,260,27,CS,1200,01,Lecture
10445-2302-27,10445,2302,27,CS,1200,01,Lecture
9202-1196-27,9202,1196,27,CS,1210,01,Lecture
9201-2002-27,9201,2002,27,CS,1210,02,Lecture
10949-2257-27,10949,2257,27,CS,1210,03,Lecture
11410-2306-27,11410,2306,27,CS,1210,04,Lecture
9203-1427-27,9203,1427,27,CS,1800,01,Lecture
10950-1427-27,10950,1427,27,CS,1800,02,Lecture
11108-2261-27,11108,2261,27,CS,1800,03,Lecture
9079-1239-27,9079,1239,27,CS,2500,01,Lecture
10446-2398-27,10446,2398,27,CS,2500,02,Lecture
11109-2398-27,11109,2398,27,CS,2500,03,Lecture
9047-1239-27,9047,1239,27,CS,2510,01,Lecture
9046-1239-27,9046,1239,27,CS,2510,02,Lecture
9917-2310-27,9917,2310,27,CS,2510,03,Lecture
10722-1567-27,10722,1567,27,CS,2510,04,Lecture
11834-1766-27,11834,1766,27,CS,2510,05,Lecture
8820-2604-27,8820,2604,27,CS,2800,01,Lecture
10951-2348-27,10951,2348,27,CS,2800,03,Lecture
11417-499-27,11417,499,27,CS,2800,04,Lecture
11833-2348-27,11833,2348,27,CS,2800,05,Lecture
9184-1571-27,9184,1571,27,CS,3200,01,Lecture
9200-1567-27,9200,1567,27,CS,3500,01,Lecture
11418-2749-27,11418,2749,27,CS,3500,02,Lecture
10447-1569-27,10447,1569,27,CS,3540,01,Lecture
10952-532-27,10952,532,27,CS,3650,01,Lecture
10953-1665-27,10953,1665,27,CS,3700,01,Lecture
9199-515-27,9199,515,27,CS,3800,01,Lecture
11419-2309-27,11419,2309,27,CS,3800,02,Lecture
9183-883-27,9183,883,27,CS,4000,01,Seminar
9182-1629-27,9182,1629,27,CS,4000,02,Seminar
11420-1629-27,11420,1629,27,CS,4000,03,Seminar
11421-1629-27,11421,1629,27,CS,4000,04,Seminar
11422-1629-27,11422,1629,27,CS,4000,05,Seminar
9011-2719-27,9011,2719,27,CS,4100,01,Lecture
11096-1671-27,11096,1671,27,CS,4120,01,Lecture
11423-2751-27,11423,2751,27,CS,4150,01,Lecture
9445-2749-27,9445,2749,27,CS,4300,01,Lecture
9181-737-27,9181,737,27,CS,4400,01,Lecture
11414-1125-27,11414,1125,27,CS,4410,01,Lecture
9180-2099-27,9180,2099,27,CS,4500,01,Lecture
11412-2563-27,11412,2563,27,CS,4500,02,Lecture
10290-972-27,10290,972,27,CS,4520,01,Lecture
8898-1679-27,8898,1679,27,CS,4550,01,Lecture
12026-1525-27,12026,1525,27,CS,4610,01,Lecture
8899-1570-27,8899,1570,27,CS,4700,01,Lecture
9711-2748-27,9711,2748,27,CS,4740,01,Lecture
9179-2003-27,9179,2003,27,CS,4800,01,Lecture
11110-2294-27,11110,2294,27,CS,4800,02,Lecture
11637-834-27,11637,834,27,CS,5001,01,Lecture
11638-2290-27,11638,2290,27,CS,5002,01,Lecture
11853-834-27,11853,834,27,CS,5003,01,Recitation/Discussion
11879-834-27,11879,834,27,CS,5004,01,Lecture
11882-834-27,11882,834,27,CS,5005,01,Recitation/Discussion
11880-2694-27,11880,2694,27,CS,5006,01,Lecture
11881-2694-27,11881,2694,27,CS,5007,01,Lecture
9518-2309-27,9518,2309,27,CS,5010,01,Lecture
11340-515-27,11340,515,27,CS,5010,03,Lecture
9676-515-27,9676,515,27,CS,5011,01,Recitation/Discussion
10973-515-27,10973,515,27,CS,5011,03,Recitation/Discussion
11341-515-27,11341,515,27,CS,5011,04,Recitation/Discussion
11342-515-27,11342,515,27,CS,5011,05,Recitation/Discussion
10227-2719-27,10227,2719,27,CS,5100,01,Lecture
11343-2751-27,11343,2751,27,CS,5150,01,Lecture
10051-499-27,10051,499,27,CS,5200,01,Lecture
10711-2386-27,10711,2386,27,CS,5200,03,Lecture
10279-2382-27,10279,2382,27,CS,5310,01,Lecture
11640-1525-27,11640,1525,27,CS,5335,01,Lecture
9580-737-27,9580,737,27,CS,5400,01,Lecture
9660-2099-27,9660,2099,27,CS,5500,01,Lecture
11700-2693-27,11700,2693,27,CS,5500,02,Lecture
11344-2099-27,11344,2099,27,CS,5500,03,Lecture
10280-972-27,10280,972,27,CS,5520,01,Lecture
10050-2113-27,10050,2113,27,CS,5600,01,Lecture
9528-1679-27,9528,1679,27,CS,5610,01,Lecture
10657-1679-27,10657,1679,27,CS,5610,02,Lecture
11701-2724-27,11701,2724,27,CS,5610,03,Lecture
9529-1570-27,9529,1570,27,CS,5700,01,Lecture
11094-1248-27,11094,1248,27,CS,5770,01,Lecture
9530-1771-27,9530,1771,27,CS,5800,01,Lecture
11745-1803-27,11745,1803,27,CS,5800,04,Lecture
10281-1671-27,10281,1671,27,CS,6120,01,Lecture
11639-2770-27,11639,2770,27,CS,6130,01,Lecture
10282-2299-27,10282,2299,27,CS,6140,01,Lecture
10462-2310-27,10462,2310,27,CS,6200,01,Lecture
10957-2728-27,10957,2728,27,CS,6200,02,Lecture
11345-2269-27,11345,2269,27,CS,6200,03,Lecture
10958-1648-27,10958,1648,27,CS,6220,01,Lecture
11678-2180-27,11678,2180,27,CS,6220,03,Lecture
10283-1498-27,10283,1498,27,CS,6240,01,Lecture
10465-2398-27,10465,2398,27,CS,6240,02,Lecture
10284-113-27,10284,113,27,CS,6350,01,Lecture
11346-1125-27,11346,1125,27,CS,6410,01,Lecture
10959-2738-27,10959,2738,27,CS,6510,01,Lecture
11121-2738-27,11121,2738,27,CS,6510,02,Lecture
11347-709-27,11347,709,27,CS,6710,01,Lecture
9527-2748-27,9527,2748,27,CS,6740,01,Lecture
11677-2405-27,11677,2405,27,CS,7280,01,Lecture
10463-1243-27,10463,1243,27,CS,7400,01,Lecture
11348-1247-27,11348,1247,27,CS,7485,01,Lecture
11349-1069-27,11349,1069,27,CS,7680,01,Lecture
9579-2604-27,9579,2604,27,CS,7805,01,Lecture
11350-593-27,11350,593,27,CS,7880,01,Lecture
11153-1571-27,11153,1571,27,CS,6020,01,Seminar
11351-1569-27,11351,1569,27,CS,6030,01,Seminar
9726-320-27,9726,320,27,CS,5010,01,Lecture
9727-825-27,9727,825,27,CS,5150,01,Lecture
10144-825-27,10144,825,27,CS,5151,01,Lab
10464-2581-27,10464,2581,27,CS,5200,01,Lecture
9907-795-27,9907,795,27,CS,5210,02,Lecture
10145-795-27,10145,795,27,CS,5211,02,Lab
10146-1802-27,10146,1802,27,CS,5240,01,Lecture
11352-2648-27,11352,2648,27,CS,5250,01,Lecture
10164-2692-27,10164,2692,27,CS,6120,02,Lecture
11353-2692-27,11353,2692,27,CS,6121,01,Lab
10291-80-27,10291,80,27,CS,1500,01,Lecture
9073-80-27,9073,80,27,CS,3500,01,Lecture
9178-2348-27,9178,2348,27,CS,4300,01,Lecture
9010-113-27,9010,113,27,CS,4800,01,Lecture
9446-80-27,9446,80,27,CS,4900,01,Lecture
5993-1427-22,5993,1427,22,CS,1100,,Lecture
5992-577-22,5992,577,22,CS,1100,,Lecture
5995-577-22,5995,577,22,CS,1100,,Lecture
5994-1571-22,5994,1571,22,CS,1100,,Lecture
5996-1571-22,5996,1571,22,CS,1100,,Lecture
5991-80-22,5991,80,22,CS,1100,,Lecture
7208-2269-22,7208,2269,22,CS,1100,,Lecture
7632-2269-22,7632,2269,22,CS,1100,,Lecture
5457-2412-22,5457,2412,22,CS,1200,,Lecture
7209-2412-22,7209,2412,22,CS,1200,,Lecture
7932-2412-22,7932,2412,22,CS,1200,,Lecture
5456-2302-22,5456,2302,22,CS,1200,,Lecture
7136-2302-22,7136,2302,22,CS,1200,,Lecture
7930-2302-22,7930,2302,22,CS,1200,,Lecture
7931-2302-22,7931,2302,22,CS,1200,,Lecture
6764-2301-22,6764,2301,22,CS,1200,,Lecture
6815-2301-22,6815,2301,22,CS,1200,,Lecture
7137-2301-22,7137,2301,22,CS,1200,,Lecture
7928-2301-22,7928,2301,22,CS,1200,,Lecture
5458-2413-22,5458,2413,22,CS,1200,,Lecture
5460-2413-22,5460,2413,22,CS,1200,,Lecture
7929-2413-22,7929,2413,22,CS,1200,,Lecture
7382-2147-22,7382,2147,22,CS,1200,,Lecture
7531-2147-22,7531,2147,22,CS,1200,,Lecture
7532-2002-22,7532,2002,22,CS,1210,,Lecture
7927-2002-22,7927,2002,22,CS,1210,,Lecture
7935-2306-22,7935,2306,22,CS,1210,,Lecture
8228-2306-22,8228,2306,22,CS,1210,,Lecture
6973-300-22,6973,300,22,CS,1210,,Lecture
6974-300-22,6974,300,22,CS,1210,,Lecture
7545-2257-22,7545,2257,22,CS,1210,,Lecture
7934-2257-22,7934,2257,22,CS,1210,,Lecture
6975-2348-22,6975,2348,22,CS,1800,,Lecture
6976-2348-22,6976,2348,22,CS,1800,,Lecture
7636-2348-22,7636,2348,22,CS,1800,,Lecture
5465-1427-22,5465,1427,22,CS,1800,,Lecture
7937-1427-22,7937,1427,22,CS,1800,,Lecture
7939-2294-22,7939,2294,22,CS,1800,,Lecture
7941-2294-22,7941,2294,22,CS,1800,,Lecture
5464-2015-22,5464,2015,22,CS,1800,,Lecture
7936-2015-22,7936,2015,22,CS,1800,,Lecture
7938-2261-22,7938,2261,22,CS,1800,,Lecture
7942-2003-22,7942,2003,22,CS,1800,,Lecture
7944-1567-22,7944,1567,22,CS,2500,,Lecture
5463-1239-22,5463,1239,22,CS,2500,,Lecture
6977-1239-22,6977,1239,22,CS,2500,,Lecture
6082-2398-22,6082,2398,22,CS,2500,,Lecture
6653-2398-22,6653,2398,22,CS,2500,,Lecture
5462-1125-22,5462,1125,22,CS,2500,,Lecture
7503-1239-22,7503,1239,22,CS,2510,,Lecture
5210-2310-22,5210,2310,22,CS,2510,,Lecture
5164-1247-22,5164,1247,22,CS,2800,,Lecture
5449-1571-22,5449,1571,22,CS,3200,,Lecture
5452-1567-22,5452,1567,22,CS,3500,,Lecture
5455-1567-22,5455,1567,22,CS,3500,,Lecture
6978-2382-22,6978,2382,22,CS,3520,,Lecture
7945-532-22,7945,532,22,CS,3650,,Lecture
7383-2113-22,7383,2113,22,CS,3650,,Lecture
7384-1665-22,7384,1665,22,CS,3700,,Lecture
5450-2309-22,5450,2309,22,CS,3800,,Lecture
8421-515-22,8421,515,22,CS,3800,,Lecture
5448-883-22,5448,883,22,CS,4000,,Seminar
7494-1629-22,7494,1629,22,CS,4000,,Seminar
7946-1629-22,7946,1629,22,CS,4000,,Seminar
6794-1525-22,6794,1525,22,CS,4100,,Lecture
6387-1569-22,6387,1569,22,CS,4300,,Lecture
5659-737-22,5659,737,22,CS,4400,,Lecture
5447-1766-22,5447,1766,22,CS,4500,,Lecture
8384-2099-22,8384,2099,22,CS,4500,,Lecture
4962-1963-22,4962,1963,22,CS,4700,,Lecture
5979-709-22,5979,709,22,CS,4740,,Lecture
7947-2294-22,7947,2294,22,CS,4800,,Lecture
5660-1569-22,5660,1569,22,CS,4800,,Lecture
8285-834-22,8285,834,22,CS,5001,,Lecture
8286-2290-22,8286,2290,22,CS,5002,,Lecture
7482-1586-22,7482,1586,22,CS,5010,,Lecture
6108-723-22,6108,723,22,CS,5010,,Lecture
7159-723-22,7159,723,22,CS,5010,,Lecture
7160-515-22,7160,515,22,CS,5010,,Lecture
7483-1586-22,7483,1586,22,CS,5011,,Recitation/Discussion
5781-723-22,5781,723,22,CS,5011,,Recitation/Discussion
5853-723-22,5853,723,22,CS,5011,,Recitation/Discussion
5937-723-22,5937,723,22,CS,5011,,Recitation/Discussion
5954-723-22,5954,723,22,CS,5011,,Recitation/Discussion
6493-1525-22,6493,1525,22,CS,5100,,Lecture
7484-2386-22,7484,2386,22,CS,5200,,Lecture
5916-499-22,5916,499,22,CS,5200,,Lecture
7216-499-22,7216,499,22,CS,5200,,Lecture
7957-2040-22,7957,2040,22,CS,5340,,Lecture
5795-737-22,5795,737,22,CS,5400,,Lecture
6394-2099-22,6394,2099,22,CS,5500,,Lecture
8182-2099-22,8182,2099,22,CS,5500,,Lecture
7196-532-22,7196,532,22,CS,5600,,Lecture
5917-1069-22,5917,1069,22,CS,5600,,Lecture
7485-834-22,7485,834,22,CS,5600,,Lecture
7004-1679-22,7004,1679,22,CS,5610,,Lecture
8048-1679-22,8048,1679,22,CS,5610,,Lecture
5915-1963-22,5915,1963,22,CS,5700,,Lecture
6465-925-22,6465,925,22,CS,5770,,Lecture
8122-1248-22,8122,1248,22,CS,5770,,Lecture
8355-2267-22,8355,2267,22,CS,5800,,Lecture
5921-2003-22,5921,2003,22,CS,5800,,Lecture
8151-1803-22,8151,1803,22,CS,5800,,Lecture
8056-2180-22,8056,2180,22,CS,6140,,Lecture
6226-402-22,6226,402,22,CS,6140,,Lecture
6795-1671-22,6795,1671,22,CS,6200,,Lecture
8343-2310-22,8343,2310,22,CS,6200,,Lecture
8344-2310-22,8344,2310,22,CS,6200,,Lecture
7958-2405-22,7958,2405,22,CS,6220,,Lecture
7003-1648-22,7003,1648,22,CS,6220,,Lecture
8049-2315-22,8049,2315,22,CS,6240,,Lecture
7376-2398-22,7376,2398,22,CS,6240,,Lecture
6444-2273-22,6444,2273,22,CS,6240,,Lecture
6393-709-22,6393,709,22,CS,6740,,Lecture
7959-453-22,7959,453,22,CS,6800,,Lecture
8510-2477-22,8510,2477,22,CS,6964,,Off-campus instruction
8507-2474-22,8507,2474,22,CS,6964,,Off-campus instruction
8505-2473-22,8505,2473,22,CS,6964,,Off-campus instruction
8509-2476-22,8509,2476,22,CS,6964,,Off-campus instruction
8508-2475-22,8508,2475,22,CS,6964,,Off-campus instruction
8422-450-22,8422,450,22,CS,7140,,Lecture
8438-2299-22,8438,2299,22,CS,7180,,Lecture
7960-1243-22,7960,1243,22,CS,7480,,Lecture
7002-1069-22,7002,1069,22,CS,7600,,Lecture
7378-1570-22,7378,1570,22,CS,7780,,Lecture
5914-2337-22,5914,2337,22,CS,7800,,Lecture
7961-1630-22,7961,1630,22,CS,7880,,Lecture
7962-80-22,7962,80,22,CS,6020,,Seminar
8084-1569-22,8084,1569,22,CS,6030,,Seminar
6246-1006-22,6246,1006,22,CS,5010,,Lecture
6655-1112-22,6655,1112,22,CS,5120,,Lecture
6247-320-22,6247,320,22,CS,5130,,Lecture
6726-320-22,6726,320,22,CS,5131,,Lab
6831-825-22,6831,825,22,CS,5150,,Lecture
6832-825-22,6832,825,22,CS,5151,,Lab
6248-1006-22,6248,1006,22,CS,5200,,Lecture
6656-795-22,6656,795,22,CS,5210,,Lecture
6657-795-22,6657,795,22,CS,5211,,Lab
6658-795-22,6658,795,22,CS,5211,,Lab
6729-80-22,6729,80,22,CS,1500,,Lecture
5440-80-22,5440,80,22,CS,2000,,Lecture
5090-113-22,5090,113,22,CS,4300,,Lecture
4180-1239-14,4180,1239,14,CS,1100,01,Lecture
4359-1239-14,4359,1239,14,CS,2510,01,Lecture
4358-1239-14,4358,1239,14,CS,2511,01,Lab
4360-1571-14,4360,1571,14,CS,3200,01,Lecture
4272-1569-14,4272,1569,14,CS,4800,01,Lecture
4206-80-14,4206,80,14,CS,1500,01,Lecture
4593-1771-13,4593,1771,13,CS,5800,01,Lecture
4594-1803-13,4594,1803,13,CS,5800,02,Lecture
4660-402-13,4660,402,13,CS,6200,01,Lecture
4681-80-13,4681,80,13,CS,6020,01,Seminar
4700-1824-13,4700,1824,13,CS,5001,01,Lecture
4587-1787-13,4587,1787,13,CS,5040,01,Lecture
4653-1112-13,4653,1112,13,CS,5120,01,Lecture
4654-795-13,4654,795,13,CS,5210,01,Lecture
4677-795-13,4677,795,13,CS,5211,01,Lab
4425-1802-13,4425,1802,13,CS,5240,01,Lecture
