prof,code,lecture,workload,personality,overall,challenge,learning
Aanjhan Ranganathan,CS5700,4.221195652173913,12.0,4.456521739130435,4.304347826086957,4.3226544622425624,4.159627329192547
Aanjhan Ranganathan,CS6710,4.221195652173913,12.0,4.456521739130435,4.304347826086957,4.3226544622425624,4.159627329192547
Aanjhan Ranganathan,CS7780,4.84375,12.0,4.875,4.958333333333334,4.909090909090909,4.658008658008659
Abhi Shelat,CS4800,4.84375,12.0,4.875,4.958333333333334,4.909090909090909,4.658008658008659
Abigail Evans,CS5001,4.10576923076923,16.0,3.448717948717949,4.076923076923077,4.384615384615384,4.153846153846154
Abraham Bagherjeiran,CS6140,4.419642857142857,12.0,4.595238095238096,4.519047619047619,4.021978021978022,4.249607535321821
Aditya Rathi,CS5010,4.306818181818182,16.0,4.303030303030303,4.363636363636363,4.363636363636363,4.298701298701299
Adrienne Slaughter,CS5002,4.107142857142857,20.0,4.273809523809524,3.9976190476190476,4.081932773109243,4.1348289315726285
Adrienne Slaughter,CS5006,3.4529248468393203,16.666666666666668,3.836608883319409,3.365285673533427,3.9928273427471113,3.626341623512905
Adrienne Slaughter,CS5007,3.670138888888889,17.0,3.7962962962962967,3.5,4.008928571428571,3.7351190476190474
Adrienne Slaughter,CS5010,3.4804687499999996,10.0,3.6579861111111116,3.5364583333333335,3.7718749999999996,3.428571428571428
Adrienne Slaughter,CS5082,3.9817552361853834,20.0,4.108878276277573,3.9778212915601023,4.068198529411765,4.044299097109199
Adrienne Slaughter,CS5520,3.4583333333333335,12.0,3.75,3.833333333333333,4.166666666666666,3.7857142857142856
Adrienne Slaughter,CS7680,3.9270833333333335,13.333333333333334,4.008333333333334,3.766666666666667,4.163888888888889,4.035714285714286
Ahmed Hamed,CS5006,4.458333333333333,16.0,4.555555555555556,4.5,4.166666666666666,4.476190476190476
Ahmed Hamed,CS5007,3.084803921568628,4.0,2.7925590749120164,2.735294117647059,2.7254901960784315,2.770868347338936
Aileen Kent Yates,CS1210,2.1315789473684212,4.0,1.9385964912280702,1.9473684210526314,2.31203007518797,2.112781954887218
Alan Mislove,CS2500,4.4325233815591165,4.0,3.7921533185020393,4.602443792766374,3.5976569886052645,4.122036025048102
Alden Jackson,CS3650,4.653084926227926,14.0,4.487841013405797,4.806086179552322,4.5585449736009025,4.503668380700899
Alexandra Ressing,CS1200,4.239583333333333,14.0,4.553030303030303,4.375,4.518939393939394,4.25
Alina Oprea,CS4400,4.157582386749054,4.0,4.271808438475104,4.204913913247247,3.3311258186258184,3.8031018804828327
Alina Oprea,CS4770,4.527777777777779,12.0,4.648148148148148,4.611111111111111,4.770833333333334,4.444444444444445
Alina Oprea,CS6750,4.756547619047619,12.0,4.400396825396825,4.816666666666666,4.612179487179487,4.724699110413396
Amal Ahmed,CS2500,4.516964285714286,13.0,4.268452380952381,4.691666666666666,4.424679487179487,4.397318158032444
Amal Ahmed,CS7400,4.199343004531326,16.0,4.008972086366964,4.22463768115942,4.458897990029376,4.224162881645187
Amal Ahmed,CS7480,4.571288780663781,16.0,3.7692099567099566,4.573863636363637,4.137806637806638,4.362786023500309
Amit Shesh,CS3500,4.729166666666667,12.0,3.972222222222222,4.75,4.75,4.642857142857143
Amit Shesh,CS4300,4.3758934184067755,19.6,4.100144830871893,4.551291677717751,4.306698000092384,4.250499264382791
Amit Shesh,CS5004,4.395022679562153,13.333333333333334,4.057723546758635,4.456177837756785,4.324298995351627,4.289189854979328
Amit Shesh,CS5010,4.589528527028528,20.0,4.161976911976912,4.6572039072039075,4.521409146409146,4.472850165707309
Amit Shesh,CS5310,4.4125174679466515,20.0,4.460591185268445,4.432982056638017,4.164678405843194,4.270400048863614
Amit Shesh,CS5800,4.765625,18.0,4.833333333333333,4.9375,4.5,4.625
Amy Carmack,CS1200,4.443080357142858,20.0,4.567830086580086,4.428571428571429,4.323792016806722,4.373170966499808
Amy Hoover,CS4100,4.3375,4.0,4.488888888888888,4.699999999999999,3.0642857142857145,3.914285714285714
Amy Hoover,CS5100,3.4054276315789473,12.0,3.125,3.270121951219512,3.66497975708502,3.5163678426836324
Andrea Hauser,CS1200,3.4054276315789473,12.0,3.125,3.270121951219512,3.66497975708502,3.5163678426836324
Andrea Parker,CS5340,4.484322691197692,4.0,3.7889971139971137,4.580353535353535,3.4807070707070706,4.0397021232735515
Andrew Dickens,CS5001,4.225378787878788,16.0,3.6136363636363638,4.359848484848485,3.9722222222222223,4.113275613275613
Anthony Mullen,CS5001,4.017857142857142,12.0,4.25,4.071428571428571,3.9505494505494507,4.137362637362637
Anthony Mullen,CS5010,4.3500000000000005,16.0,4.333888888888889,4.43,4.054166666666667,4.28
Anthony Mullen,CS5310,4.117647058823529,20.0,4.245098039215686,4.125490196078431,4.284313725490196,4.136029411764706
Anthony Mullen,CS5610,4.6000000000000005,12.0,4.6000000000000005,4.4,4.5,4.485714285714287
Anurag Bhardwaj,CS5800,4.3125,10.0,4.5,4.5,4.25,4.214285714285714
Bahram Shafai,CS5020,3.9423076923076925,16.0,4.0,3.8076923076923075,4.3076923076923075,3.9468864468864466
Benjamin Hescott,CS2000,4.575,14.0,3.883333333333333,4.55,4.6,4.596825396825397
Benjamin Hescott,CS3800,4.7295454545454545,12.0,4.803030303030304,4.827272727272727,4.627272727272727,4.6460317460317455
Benjamin Lerner,CS2500,4.811715766503001,12.0,4.870203673395163,4.9093016912165846,4.62740362474405,4.701492584471308
Benjamin Lerner,CS2510,4.472334375479945,15.0,4.04953088685571,4.596509520039055,4.4454052756368245,4.39018622147276
Benjamin Lerner,CS3500,4.617390785755614,16.0,4.219359540406695,4.747800078934636,4.513776262242732,4.551261064060157
Benjamin Lerner,CS4410,4.28672913353159,20.0,3.8554421453862275,4.303536373683209,4.348966892894065,4.288028278630343
Benjamin Lerner,CS6410,4.748611111111112,20.0,3.9444444444444446,4.95,4.75,4.784126984126984
Bilal Ahmed,CS6140,4.589285714285714,20.0,3.928571428571429,4.928571428571429,4.785714285714286,4.673469387755103
Brianne McDonough,CS1210,4.694444444444445,20.0,4.814814814814816,4.722222222222222,4.756944444444445,4.682539682539683
Bruce Chhay,CS5200,4.279823717948718,4.0,4.477255707255708,4.518675213675214,3.466068376068376,3.7928632478632474
Byron Wallace,CS2000,4.34998840445269,12.0,4.03392044463473,4.419635126777984,4.0962513676799395,4.180762434844067
Byron Wallace,CS2500,4.523260869565217,12.0,4.762330917874396,4.66,4.645833333333334,4.541968466316293
Byron Wallace,CS4100,4.316477272727273,16.0,4.510087719298245,4.363636363636363,4.4952153110047846,4.246969696969697
Byron Wallace,CS7180,4.875,12.0,4.095238095238096,4.964285714285714,4.928571428571429,4.826530612244897
Chang Liu,CS5010,4.824999999999999,8.0,4.1000000000000005,5.0,4.8,4.742857142857143
Christopher Amato,CS4100,4.141666666666667,20.0,4.177777777777778,4.2,4.2176470588235295,4.151155462184874
Christopher Amato,CS5100,3.952305491161982,14.0,4.272335507629625,4.009167303284951,4.378501400560224,4.000586755078207
Christopher Amato,CS6140,3.6730396181461087,15.0,3.6666171519112694,3.6510323826500297,4.046358543417367,3.733523263014715
Christopher Wilson,CS2500,3.146551724137931,20.0,3.4854269293924465,3.103448275862069,3.8972148541114056,3.185550082101806
Christopher Wilson,CS2550,4.689338235294118,16.0,4.811274509803922,4.882352941176471,4.649321266968325,4.370273109243697
Christopher Wilson,CS3700,4.741071428571429,12.0,4.7477954144620815,4.803571428571429,4.545634920634921,4.673469387755101
Claire Wassinger,CS1200,4.78751674925009,16.0,4.167975040257649,4.895247324814296,4.728581121945428,4.707358307932235
Clark Freifeld,CS2510,4.408095376845377,4.0,4.407277907277906,4.641608391608392,3.5168997668997672,4.116494616494617
Clark Freifeld,CS3500,4.177473107632752,16.444444444444443,3.9760880698306664,4.174733291239855,4.375641976507611,4.211933114618353
Clark Freifeld,CS4900,3.80290301983126,19.2,4.032287325842441,3.8419144338444013,4.203284323760662,3.8767478619155
Clark Freifeld,CS5010,4.275,12.0,3.766666666666667,4.300000000000001,4.4,4.314285714285715
Cody Scott,CS4200,4.520833333333333,20.0,4.555555555555555,4.416666666666667,4.416666666666666,4.416666666666666
Cody Scott,CS5500,4.017857142857143,8.0,4.495421245421245,4.142857142857142,3.6904761904761907,3.5
Cody Scott,CS7280,3.25,20.0,3.8333333333333335,2.333333333333333,2.833333333333333,2.761904761904762
Craig Martell,CS6140,4.303571428571429,12.0,3.7857142857142865,4.357142857142858,4.357142857142858,4.108843537414966
Cristina Nita-Rotaru,CS4700,5.0,12.0,5.0,5.0,5.0,5.0
Cristina Nita-Rotaru,CS4740,4.434210526315789,16.0,4.526315789473684,4.5,4.538011695906433,4.425647451963242
Cristina Nita-Rotaru,CS5700,4.5036764705882355,12.0,3.838235294117647,4.617647058823529,4.470588235294118,4.466386554621849
Cristina Nita-Rotaru,CS6740,4.434210526315789,16.0,4.526315789473684,4.5,4.538011695906433,4.425647451963242
Cristina Nita-Rotaru,CS7610,4.5036764705882355,12.0,3.838235294117647,4.617647058823529,4.470588235294118,4.466386554621849
Cristina Nita-Rotaru,CS7680,4.394886363636363,16.0,4.652777777777778,4.416666666666667,4.78030303030303,4.422077922077922
Daniel Feinberg,CS5520,4.708333333333334,16.0,3.9444444444444446,4.833333333333334,4.833333333333334,4.857142857142857
Daniel Feinberg,CS5610,3.592261904761905,16.0,3.619047619047619,3.5,3.7857142857142856,3.772108843537415
Daniel Wichs,CS3800,3.8395833333333336,20.0,3.8333333333333335,3.5999999999999996,4.175,4.128571428571429
Daniel Wichs,CS7805,4.301391010949835,12.0,3.510398098633392,4.235294117647059,4.345588235294118,4.2134069536905665
Daniel Wichs,CS7810,4.689409722222223,13.0,4.256481481481481,4.725,4.4375,4.512896825396826
Daniel Wichs,CS7880,4.692212301587302,12.0,4.592261904761905,4.944444444444445,4.583333333333334,4.622448979591837
David Choffnes,CS3700,4.96875,20.0,4.166666666666667,4.875,5.0,5.0
David Choffnes,CS4700,4.593560271146478,16.0,4.63034188034188,4.732714412024757,4.601098236306948,4.539532146331473
David Choffnes,CS5700,4.627075504998747,17.333333333333332,3.8253052576043967,4.663888888888889,4.59265873015873,4.578479628249048
David Choffnes,CS7780,4.465324352925015,20.0,3.6665046943683492,4.447491039426524,4.384997439836149,4.411887937809432
David Gray,CS5002,4.642857142857143,12.0,3.8571428571428577,4.714285714285714,4.535714285714286,4.571428571428571
David Reis,CS5001,3.3413461538461537,16.0,3.3461538461538463,2.9423076923076925,3.769230769230769,3.5549450549450547
David Smith,CS4120,3.0723214285714286,16.0,2.4017857142857144,2.9375,3.803571428571429,3.0969387755102042
David Smith,CS5100,3.5336489898989902,13.333333333333334,2.95388091440723,3.2315656565656568,3.6836805555555556,3.4315295815295817
David Smith,CS6120,4.0665760869565215,16.0,4.409722222222222,4.041666666666667,4.250905797101449,4.07815734989648
David Smith,CS6200,3.722591991341991,12.0,3.240677451203767,3.6406565656565655,3.8680239898989903,3.603246753246753
David Smith,CS7180,3.7543449197860963,16.0,3.3137254901960786,3.6911764705882355,3.9242424242424243,3.8024446142093207
David Sprague,CS1100,4.622916666666667,14.0,4.791666666666667,4.583333333333333,4.75,4.569047619047619
David Sprague,CS1800,4.102531033781034,8.0,4.365208248541582,4.255827505827505,4.170169413919413,4.128415896273039
David Sprague,CS2800,4.2641974397075035,10.0,3.723797279249364,4.361155018180799,4.3691994589700585,4.288001285558211
David Sprague,CS4300,4.275012939502448,12.76923076923077,4.022175593716846,4.3457664547808195,4.297979164763391,4.20877695951797
David Sprague,CS5340,4.4870685559169905,11.6,4.2581129675721705,4.54368919610855,4.093648660180919,4.3384088545812585
David Zheng,CS5001,4.393142619951206,12.0,4.487754761402769,4.381048387096774,3.971390168970814,4.231887593747176
Dawn Shirak,CS1200,3.9955718954248365,16.0,3.9595588235294117,4.0476190476190474,3.885416666666667,4.147152194211018
Derek Brodeur,CS5001,4.173195843508343,4.0,4.2364392551892545,4.26875,3.274338624338624,3.8824619163904877
Derek Brodeur,CS5010,4.51875,8.0,4.666666666666667,4.6,4.3,4.235714285714286
Derek Brodeur,CS5130,3.893897314899153,12.0,3.549049714582803,4.071856962481963,3.8874233405483407,3.7746093513162844
Divya Agarwal,CS5200,4.254820478723404,12.0,3.682302908829273,4.291666666666666,4.333333333333333,4.266147416413373
Donald Hall,CS5001,3.600446428571429,12.0,3.5277777777777772,3.2638888888888893,3.5303030303030303,3.8367346938775513
Edward Katz,CS5001,4.240989974937343,16.0,4.273015873015873,4.340579710144928,3.9541666666666666,4.234013605442177
Edward Katz,CS5002,4.84375,16.0,5.0,5.0,4.625,4.857142857142857
Edward Katz,CS5010,4.833333333333334,20.0,4.944444444444445,5.0,5.0,4.952380952380953
Edward Katz,CS5100,3.94609375,18.0,4.126388888888888,3.925,4.187946428571429,4.038392857142857
Edward Katz,CS5500,3.0833333333333335,12.0,3.611111111111111,3.166666666666667,4.0,3.5714285714285716
Ehsan Elhamifar,CS5220,2.4725877192982457,20.0,2.8245614035087723,2.6315789473684212,3.3055555555555554,2.5776942355889725
Ehsan Elhamifar,CS6140,4.540640394088669,16.0,4.56568144499179,4.586206896551724,4.579433497536946,4.519352568613653
Ehsan Elhamifar,CS7180,4.251503126503127,18.666666666666668,3.837524514758814,4.098304473304474,4.378598588743516,4.192606335463478
Elena Strange,CS5001,4.4375,14.0,3.5,4.416666666666667,4.5,4.166666666666667
Eliyahu Barzilay,CS4400,4.7311626502089865,16.0,4.801536376698015,4.773092998955068,4.571780995237614,4.646514405135095
Eliyahu Barzilay,CS5400,4.2660337447007,12.0,3.872574427860449,4.43797141663683,4.479736734999894,4.2856807049091055
Elton Booker,CS5210,4.2982840542448075,11.142857142857142,3.9539921398727897,4.478646019811434,4.523387528650686,4.3004293579935275
Emanuele Viola,CS3800,3.8641360146725563,13.0,3.8629830153477,3.951039553752535,3.7939147066872723,3.7878745640220193
Emanuele Viola,CS5800,2.4003090366581414,12.0,2.090836334533814,1.9607843137254903,3.4654901960784317,2.409638601046339
Emanuele Viola,CS7880,3.5612980769230766,14.5,3.1765069725596042,3.418669871794872,4.003205128205128,3.764492676287789
Engin Kirda,CS5770,5.0,12.0,5.0,5.0,4.928571428571429,5.0
Erez Kantor,CS1100,4.7017379531388155,13.333333333333334,4.18678774928775,4.857264957264957,4.691452991452992,4.689879739617371
Erez Kantor,CS5800,3.1114049145299147,12.0,2.8322013634513636,3.070604395604396,3.763919413919414,3.50783621140764
Everaldo Aguiar,CS6220,3.576704545454546,16.0,3.1536796536796534,3.061688311688312,4.383116883116884,3.7789424860853433
Everaldo Aguiar,CS7180,4.411495726495727,12.0,4.2631339031339035,4.478461538461539,4.2969841269841265,4.347851037851038
Ezra Cooper,CS5010,4.825,12.0,4.8,4.699999999999999,4.516666666666667,4.742857142857142
Feiyue Wu,CS5200,3.785714285714286,20.0,3.198412698412698,3.5476190476190474,3.738095238095238,3.8231292517006805
Frank Tip,CS5500,3.667906746031746,12.0,3.5888888888888886,3.466666666666667,3.713636363636364,3.8446712018140587
Frank Tip,CS7480,4.179276315789474,13.0,4.076334064327485,4.19375,3.875,4.010034276868642
Frederick Howell,CS5210,4.624999999999999,12.0,3.883333333333333,4.6,4.699999999999999,4.6761904761904765
Gene Cooperman,CS3650,3.7845059046345804,16.0,3.1657778768072884,3.593137254901961,3.8508986928104574,3.7998652491299545
Gene Cooperman,CS5600,4.07923081744563,12.0,3.801990346577228,4.109126331453634,4.28597452437913,4.1249322553048025
Gene Cooperman,CS7600,4.340544871794871,16.0,3.6410256410256405,4.384615384615385,4.615384615384615,4.378205128205129
Gene Cooperman,CS7680,4.302389705882353,14.0,4.671754307783719,4.4203431372549025,4.192095588235294,4.15266106442577
Ghita Amor-Tijani,CS1100,4.583333333333333,12.0,4.027777777777778,4.666666666666667,4.416666666666666,4.476190476190476
Ghita Amor-Tijani,CS1500,4.192952092556575,9.2,3.9042182004401647,4.282050392110876,4.201963978857954,4.209056296633666
Ghita Amor-Tijani,CS1800,4.386939102564103,9.5,4.095833333333333,4.388690476190477,4.3101190476190485,4.4701072736787015
Ghita Amor-Tijani,CS3200,4.218805918167622,9.5,3.556217348424516,4.222026370011568,4.118523897335972,4.156789696326328
Ghita Amor-Tijani,CS5200,3.7459323574296017,8.0,4.004698723743426,3.788732394366197,3.8306797305572564,3.7748568706927554
Guevara Noubir,CS4740,4.525,16.0,3.8644736842105267,4.699999999999999,4.375,4.471428571428572
Guevara Noubir,CS6710,4.354388227513228,14.4,4.050734126984127,4.420182072829131,4.496309523809524,4.3755658759230185
Guevara Noubir,CS6740,4.5,8.0,3.833333333333334,4.5,4.5,4.380952380952381
Gui Gao,CS5006,4.517721560846562,14.8,4.1774007936507935,4.533515406162465,4.459642857142858,4.508899209256353
Gui Gao,CS5007,4.125,14.0,4.0,3.75,4.25,4.214285714285714
Heather Miller,CS4240,3.5,8.0,3.8333333333333335,3.666666666666667,3.833333333333333,3.857142857142857
Heather Miller,CS7680,4.296875,12.0,4.395833333333333,4.375,4.125,4.354591836734694
Hosung Song,CS5800,4.532738095238096,12.0,3.928571428571429,4.7142857142857135,4.785714285714286,4.571428571428571
Huy Nguyen,CS4800,4.034043441938178,13.333333333333334,3.949624060150376,4.11578947368421,4.22181843497633,4.0436053503722675
Huy Nguyen,CS7800,3.5999969937469936,14.666666666666666,3.3840243090243085,3.4197330447330447,4.2527222777222775,3.6506459149316295
Ian Gorton,CS5010,4.261363636363637,16.0,4.181818181818182,4.2727272727272725,4.5858585858585865,4.168831168831169
Ian Gorton,CS6510,4.175952419011082,20.0,4.3235937055981815,4.34219362745098,4.176422213622291,4.118514949458044
Ian Gorton,CS6650,4.596527777777778,16.666666666666668,4.201058201058201,4.521825396825396,4.4940476190476195,4.566780045351473
Jacek Ossowski,CS1100,4.350819876395535,18.5,4.223828194222932,4.5723983253588525,4.538643009037746,4.404648932938407
Jacek Ossowski,CS1800,4.041809671694256,9.0,3.451048103376257,4.2087002257799675,4.035339696223317,4.107450636031787
Jacek Ossowski,CS4800,3.8368589743589743,10.0,3.4540043290043294,3.87345467032967,3.987793456543457,3.8168791525934385
James Knapik,CS7580,3.6689665649913814,12.5,3.2711986161986166,3.5857944139194133,4.205322487969547,3.8218477455084603
James Miller,CS5010,4.505952380952381,8.0,4.3730158730158735,4.476190476190476,4.25,4.36734693877551
Jan Vitek,CS2510,4.190762362637363,20.0,3.5904304029304033,4.323260073260073,4.160256410256411,4.05540293040293
Jan Vitek,CS5110,3.6143139469226426,16.0,3.9753434970826276,3.6521739130434785,4.25,3.6696055497297735
Jan Vitek,CS6240,4.303571428571429,16.0,3.785714285714286,4.428571428571429,4.071428571428571,4.326530612244897
Jan-Willem Van De Meent,CS4420,3.8844572368421053,20.0,3.8072273073989322,4.035416666666666,4.366666666666667,4.067795381310419
Jan-Willem Van De Meent,CS5230,4.302083333333333,16.0,4.513888888888888,4.125,4.5,4.2435064935064934
Jan-Willem Van De Meent,CS6220,4.302083333333333,16.0,4.513888888888888,4.125,4.5,4.2435064935064934
Jan-Willem Van De Meent,CS7140,4.043560606060606,19.0,3.6597222222222223,3.9583333333333335,4.208333333333334,3.9664502164502164
Jason Hemann,CS4400,4.45,14.0,4.616666666666666,4.6,4.516666666666667,4.401587301587301
Jason Hemann,CS4500,3.5635964912280707,12.0,4.289961013645224,3.552631578947368,4.222222222222222,3.7117794486215545
Jason Marchant,CS5001,3.2729166666666667,20.0,3.75,3.46875,3.75,3.019642857142857
Jaume Coll-Font,CS5220,3.779166666666667,10.0,2.763888888888889,3.666666666666667,3.4583333333333335,3.573809523809524
Javed Aslam,CS1800,4.281305407801418,12.0,3.762731481481481,4.145833333333334,4.416666666666666,4.30958713272543
Javed Aslam,CS6800,4.398731363121185,12.0,4.081999802702983,4.572315990234792,4.384449660705796,4.237390549055814
Jennifer Dy,CS7140,4.944368131868133,12.0,4.1300366300366305,5.0,4.785714285714286,4.916012558869702
Jennifer Shire,CS1210,4.072303921568627,14.0,3.531590413943355,4.055555555555555,4.397058823529411,4.050887021475257
Jessica Biron,CS1200,4.275826821956853,4.0,3.798753689228728,4.240617167919799,3.4606209504719567,4.007553203467621
Jessica Speece,CS1200,4.653374403374404,4.0,3.9422429422429417,4.883449883449884,3.947086247086247,4.281210852639425
Jill Forgash,CS1200,4.223657864952509,4.0,3.939316371459228,4.3054292929292926,3.3063020313020313,3.7980614906635317
Jingtian Huang,CS5500,4.528935185185186,4.0,4.601741622574956,4.703703703703703,3.557208994708995,4.169312169312169
John Ewart,CS5500,3.841666666666667,12.0,3.7944444444444443,3.6833333333333336,4.138888888888889,3.9095238095238094
John Rachlin,CS1800,4.204678803339518,11.428571428571429,3.8134224902082043,4.2651360544217685,4.064491857349,4.124734958918633
John Rachlin,CS3200,4.641882183908046,12.0,4.780842911877396,4.708333333333334,4.5151098901098905,4.524055829228243
John Rachlin,CS4300,4.7848445930806855,9.333333333333334,4.847765236690815,4.928447835377184,4.423102837919772,4.6901342238000545
John Rachlin,CS5200,4.82563025210084,10.0,4.9132090336134455,4.970588235294118,4.719386312217194,4.747298919567827
Jonathan Grenier,CS1200,4.766666666666667,12.0,4.81984126984127,4.833333333333333,4.578571428571428,4.731972789115646
Jonathan Lee,CS1200,4.278958333333334,4.0,3.623148148148148,4.303787878787879,3.3963888888888887,3.905375180375181
Jonathan Rafkind,CS5600,4.399158164139781,4.0,3.9371147928868515,4.652652543534896,3.4349874880021942,3.9458712016275044
Jonathan Ullman,CS3000,4.600694444444445,20.0,4.722222222222222,4.666666666666667,4.666666666666666,4.416666666666667
Jonathan Ullman,CS4800,4.511169871794872,12.0,4.562393162393163,4.5673076923076925,4.620629370629371,4.469522144522145
Jonathan Ullman,CS7800,4.703431372549019,12.0,4.75,4.833333333333334,4.660130718954248,4.589635854341736
Jonathan Ullman,CS7880,4.573833441383751,16.0,4.113174359562389,4.675738491527965,4.482778086493257,4.463890594474407
Jorge Toro,CS5340,4.575,12.0,3.7999999999999994,4.9,4.6,4.485714285714286
Jose Annunziato,CS1100,4.25,12.0,4.330357142857143,4.229166666666667,4.073863636363637,4.184523809523809
Jose Annunziato,CS1500,3.837103174603174,8.0,4.111618165784832,3.924074074074074,3.9771164021164016,3.8933484504913074
Jose Annunziato,CS3500,3.8467261904761907,8.0,3.267857142857143,3.75,4.25,4.092687074829932
Jose Annunziato,CS4500,3.4618055555555554,10.0,3.6284722222222223,3.4305555555555554,3.611111111111111,3.416666666666667
Jose Annunziato,CS4550,3.5823110910123606,14.0,3.868027887658853,3.915598290598291,3.371192502158096,3.1548137820682216
Jose Annunziato,CS5200,4.43724808669933,16.25,3.9639586859212197,4.58564868041563,4.388658033864125,4.437834917567937
Jose Annunziato,CS5500,4.317605750384664,15.2,4.426936202575852,4.373124533084871,4.080695337556028,4.1510475048795765
Jose Annunziato,CS5610,4.258061224489796,20.0,4.4321088435374145,4.43,4.022978723404256,4.072903304178814
Jose Sierra,CS5130,4.608468070004491,16.8,4.092709275314023,4.685515990329435,4.420381771709581,4.544686308301794
Joseph Buck,CS5006,4.4156525380181595,14.4,4.207629432489456,4.49588130615834,4.362894659396995,4.3818129185910335
Joseph Buck,CS5007,3.462387925773076,14.0,3.457766258677384,3.3509316770186333,3.7497326376202653,3.5514172071990853
Joseph Rushanan,CS5002,3.4947641375390734,13.333333333333334,3.3114142275267593,3.374850809889173,3.8050955527138393,3.5797345024966507
Joseph Rushanan,CS5120,4.240625,12.0,4.041666666666667,4.375,4.575,4.2214285714285715
Kaan Onarlioglu,CS5770,4.476032967398099,11.5,4.093294551953608,4.505526290230238,4.240641996891997,4.328840811566929
Kaitlyn Hughes,CS1210,4.256944444444445,16.0,4.342592592592593,4.347222222222222,4.355555555555555,4.280045351473922
Kanaka Saripalli,CS5150,4.633506944444444,4.0,3.960955942205942,4.838886113886114,3.583516483516483,4.286167800453515
Kapil Arya,CS3650,4.041666666666666,16.0,4.388888888888888,4.0,4.333333333333333,4.428571428571429
Kapil Arya,CS5600,3.7341720779220777,12.0,3.2261904761904763,3.7321428571428568,4.232142857142858,3.793135435992579
Karl Lieberherr,CS1100,4.4170006364614816,18.857142857142858,4.113168945739216,4.483878551420569,4.554276710684274,4.41531050843983
Kathleen Durant,CS1100,3.790426022216537,9.411764705882353,3.618027818795652,3.7704603033964257,4.007179469310584,3.9079339395369117
Kathleen Durant,CS3200,3.965404480430509,10.0,3.7727643185546182,4.21352625293155,4.11316812225108,3.9870343372300727
Kathleen Durant,CS4100,4.004667432225552,9.818181818181818,3.74644172993287,4.091397696140779,4.097070275104912,4.039296224166503
Kathleen Durant,CS4400,2.640789473684211,8.0,3.194736842105263,2.4749999999999996,3.105263157894737,2.839473684210526
Kenneth Baclawski,CS2800,3.2583333333333337,10.0,4.069444444444445,2.5083333333333333,3.8916666666666666,3.386904761904762
Kenneth Baclawski,CS3520,3.5170018115942026,12.0,3.1902053140096616,3.2800000000000002,4.05304347826087,3.76324016563147
Kenneth Baclawski,CS5200,4.019965277777778,8.0,3.5025599128540303,3.858333333333334,3.9305555555555554,4.04345238095238
Kevin Amorin,CS5150,4.428351629507484,13.6,3.823664555741683,4.386159844054581,4.270563703647119,4.369692314453336
Kevin Gold,CS1800,4.258794816003324,14.571428571428571,3.8549645615822095,4.402646513150715,4.3171640373321045,4.2682176983347455
Kevin Gold,CS3800,4.343440909933664,10.8,4.115324202894832,4.504325300532731,4.261680568065473,4.1626188330061025
Kevin Gold,CS4100,4.584904652475407,12.0,3.842946298984035,4.64586961780358,4.637215771649735,4.49923432795826
Kevin Gold,CS4150,4.74198717948718,16.0,4.819325735992403,4.7742165242165235,4.523504273504273,4.6892551892551895
Kevin Gold,CS4800,4.505747126436781,16.0,4.610344827586207,4.621505376344086,4.558497536945813,4.416091954022988
Kevin Gold,CS5002,4.43734237879516,16.0,3.9458572444217994,4.554299436195988,4.550836182073505,4.3961913427053965
Kevin Gold,CS5010,4.608695652173912,16.0,3.8478260869565215,4.673913043478261,4.630434782608695,4.496894409937888
Kevin Gold,CS5100,4.0450634057971016,20.0,3.451388888888888,4.104166666666667,3.758928571428571,3.7369047619047615
Kevin Gold,CS5150,4.74198717948718,16.0,4.819325735992403,4.7742165242165235,4.523504273504273,4.6892551892551895
Kevin Small,CS6140,4.505747126436781,16.0,4.610344827586207,4.621505376344086,4.558497536945813,4.416091954022988
Kevin Small,CS6220,3.875321226975639,18.0,3.6578159041394334,3.7223856209150328,4.249945533769063,3.871468890586538
Kinshuk Juneja,CS6650,4.025,12.0,3.5666666666666664,4.0,4.4,4.2
Kongfuechi Moua,CS5001,4.616035353535354,18.0,4.619023569023569,4.434343434343434,4.633333333333333,4.603318903318903
Koorosh Firouzbakht,CS4700,4.363932748538011,16.0,4.432894736842106,4.472727272727273,4.012061403508772,4.29624060150376
Koorosh Firouzbakht,CS5700,2.9209637268847795,12.0,2.6446183025130394,2.486842105263158,3.5394736842105265,3.149055070107702
Koorosh Firouzbakht,CS6710,2.9209637268847795,12.0,2.6446183025130394,2.486842105263158,3.5394736842105265,3.149055070107702
Kyle Courtney,CS5240,2.433333333333333,12.0,2.1666666666666665,2.2,3.225,2.6095238095238096
Kylie Bemis,CS5110,4.310168493514767,12.285714285714286,3.7738611026654505,4.236727584010193,4.154631419305333,4.2895146852555905
Larry Finkelstein,CS1800,4.516347871640741,12.0,4.668720467071485,4.471984649122807,4.320499613759688,4.4003342843813975
Laurie Sanborn,CS5210,2.5877810846560845,12.0,2.4672530864197535,2.275,3.6141304347826084,3.016171579743008
Leena Razzaq,CS1100,3.566636029411765,12.0,3.2319852941176475,3.588235294117647,3.8235294117647056,3.798844537815126
Leena Razzaq,CS1500,4.3811403508771924,9.333333333333334,3.656213450292398,4.421491228070175,4.127412280701754,4.325758841548315
Leena Razzaq,CS2500,4.2265625,10.0,3.615575396825397,3.96875,4.4375,4.276785714285714
Leena Razzaq,CS2510,4.080706130558218,14.0,3.631793663802871,4.04874213243734,4.14091220080265,4.108116952011159
Leena Razzaq,CS5001,4.05193767013046,16.0,3.7179114482525195,4.045853189880249,4.2947082852521845,4.087996818056874
Leena Razzaq,CS5006,4.292210995541325,16.0,4.0216650218490555,4.269015498874834,4.231560324902295,4.219979186373253
Leena Razzaq,CS5007,3.654003267973856,14.666666666666666,3.654660154660155,3.6894179894179895,3.9249622926093513,3.652585820653048
Lok Sang Wong,CS5100,3.169642857142857,14.0,3.2142857142857144,3.133928571428571,3.4404761904761907,3.163265306122449
Long Lu,CS3700,4.2700000000000005,16.0,4.499999999999999,4.18,4.464545454545455,4.247701863354037
Long Lu,CS3740,3.355769230769231,12.0,3.676282051282051,3.2142857142857144,4.199300699300699,3.6373626373626373
Lu Wang,CS4120,4.4071428571428575,8.0,4.3809523809523805,4.214285714285714,4.095238095238095,3.9959183673469387
Lu Wang,CS6120,3.9404896066053907,13.333333333333334,4.21698586082307,3.90020202020202,4.189001396074567,3.9077665849496106
Lu Wang,CS6140,4.021045162160946,14.666666666666666,4.199856231193441,3.939090909090909,4.133445840519012,3.965659802842828
Lu Wang,CS7180,3.875297619047619,14.0,3.423809523809523,3.717857142857143,4.421428571428571,3.966666666666667
Luying Min,CS5010,4.875,16.0,4.111111111111112,5.0,4.833333333333334,4.904761904761905
Magy Seif El-Nasr,CS2510,3.9761363636363636,20.0,3.9333333333333336,3.933333333333333,4.017647058823529,4.0797268907563025
Magy Seif El-Nasr,CS4150,4.075,12.0,3.4777777777777774,4.114285714285714,4.183333333333334,4.123809523809524
Magy Seif El-Nasr,CS4500,3.8125,10.0,3.3888888888888893,4.0,4.25,3.9999999999999996
Magy Seif El-Nasr,CS5150,3.467132505175984,8.0,3.1411499763902513,3.4782608695652177,3.6521739130434785,3.2961469172649305
Magy Seif El-Nasr,CS7340,3.653846153846154,16.0,3.08974358974359,3.346153846153846,3.923076923076923,3.758241758241758
Mardiros Merdinoglu,CS5130,3.6609848484848486,16.0,4.388888888888889,3.625,3.5454545454545454,3.491341991341991
Margaret Whitehead,CS1200,3.480769230769231,12.0,3.1397435897435897,3.4230769230769234,3.8430769230769233,3.7210989010989013
Maria Jump,CS5001,4.232032380745616,4.0,4.409356060908348,4.444410963038413,3.376785832177989,3.8429436498764225
Maria Jump,CS5004,3.3333333333333335,14.0,3.444444444444444,3.583333333333333,3.9166666666666665,3.333333333333333
Maria Zontak,CS5001,3.875,20.0,3.8333333333333335,4.0,4.5,3.857142857142857
Maria Zontak,CS5004,4.1375,12.0,4.283333333333333,4.25,3.9444444444444446,4.185714285714286
Maria Zontak,CS5010,3.587296195652174,19.0,3.1564009661835746,3.125,3.775815217391304,3.9360766045548647
Maria Zontak,CS5330,4.035896739130434,20.0,4.21256038647343,4.195652173913043,4.025,4.046987577639752
Maria Zontak,CS5800,3.897222222222222,14.0,3.802777777777778,3.675,4.025,3.8825396825396825
Marlin Eller,CS5002,3.9791666666666665,16.0,3.569444444444444,4.208333333333334,4.291666666666666,4.059523809523809
Martin Schedlbauer,CS1100,3.8480616605616604,16.0,3.972546126712794,3.68705143095387,4.001902726902727,3.7446739316948374
Martin Schedlbauer,CS1500,3.8817622885086736,12.4,3.365353526401914,4.066095942393277,4.085725278305922,3.929192244713459
Martin Schedlbauer,CS2000,4.48142088316502,11.0,3.748284800488748,4.453047126073442,4.326671539961014,4.473451004485656
Martin Schedlbauer,CS3500,4.4009565467000815,10.666666666666666,3.9004284788353414,4.302357510331648,4.0514888874263875,4.296462679773978
Martin Schedlbauer,CS4100,4.791666666666667,12.0,3.986111111111111,4.875,4.5,4.666666666666666
Martin Schedlbauer,CS4900,4.333029670561719,11.5,4.112093242713989,4.484818313953488,4.361780869324474,4.394720786289805
Martin Schedlbauer,CS5083,4.237723214285714,12.0,3.988095238095238,4.397321428571429,4.276785714285714,4.342261904761905
Matthias Felleisen,CS2500,4.1875,12.0,4.416666666666667,4.0,3.0,4.071428571428571
Matthias Felleisen,CS4500,4.476698500967118,15.0,4.0261451726568005,4.521780303030304,4.546422101449275,4.4805497509772465
Matthias Felleisen,CS4620,4.523692810457517,20.0,4.089460784313726,4.479166666666667,4.623611111111111,4.591619981325863
Matthias Felleisen,CS7480,3.91875,16.0,4.058333333333334,4.5,4.5,3.992857142857143
Megan Giordano,CS1200,4.979166666666667,10.0,4.027777777777778,4.666666666666666,4.65,4.8809523809523805
Melissa Peikin,CS1210,4.303266949100283,4.0,4.445152275707831,4.44520017020017,3.338054692221359,3.9367845558321743
Micah Adler,CS5800,4.191385273507554,4.0,3.98014321677927,4.460930038583859,3.2663136073435823,3.7215337866727154
Michael Gourlay,CS5850,4.575,16.0,3.9000000000000004,4.4,4.6,4.485714285714286
Michael Shah,CS3650,3.28125,16.0,3.125,3.0,3.625,3.0714285714285716
Michael Shah,CS4300,4.583493469500649,13.333333333333334,4.761484794275492,4.741795865633075,4.583203521624575,4.510956069435335
Michael Shah,CS4850,4.646232358870968,9.0,4.68665994623656,4.7734375,4.467271505376344,4.536722350230415
Michael Shah,CS5006,4.482954545454546,16.0,4.625180375180375,4.704545454545455,4.403743315508021,4.402597402597403
Michael Shah,CS5007,4.4770408163265305,20.0,4.554421768707483,4.622448979591837,4.390731292517007,4.335338998821414
Michael Shah,CS5310,4.685,12.0,4.78,4.88,4.58,4.55416149068323
Michael Shah,CS5340,4.581527217741936,10.0,4.675403225806452,4.734375,4.422043010752688,4.439516129032258
Michael Shah,CS5600,4.607142857142858,12.0,4.723809523809524,4.614285714285714,4.030735930735931,4.417219387755102
Michael Shah,CS5850,4.700268817204301,20.0,4.803584229390681,4.758064516129032,4.673655913978495,4.6835637480798775
Michael Weintraub,CS1100,4.482954545454546,16.0,4.625180375180375,4.704545454545455,4.403743315508021,4.402597402597403
Michael Weintraub,CS3500,3.894538221397058,10.0,4.0132303639846745,4.080555555555556,3.947470238095238,3.9590941078625805
Michael Weintraub,CS4500,4.2771739130434785,20.0,3.753623188405797,4.282608695652174,4.456521739130435,4.3602484472049685
Michael Weintraub,CS5500,3.9156455329431026,13.333333333333334,3.6915265546765976,3.945601352922324,3.7800868010443653,3.761744404838473
Michelle Borkin,CS4200,4.2376884715602845,17.818181818181817,3.87272980455235,4.228353912235693,3.888295114860681,4.036782658517779
Michelle Borkin,CS7280,4.208333333333334,8.0,4.0249999999999995,4.358333333333333,4.025,4.071428571428572
Ming Huo,CS5610,4.610795454545454,16.0,3.882575757575758,4.454545454545455,4.238095238095238,4.373376623376624
Ming-Chuan Wu,CS6240,3.7647068643162394,16.5,3.4351807336182336,3.70022702991453,4.031803266178266,3.9569291819291816
Mirek Riedewald,CS6240,4.301909722222222,14.5,3.8246527777777777,4.244791666666667,4.291666666666666,4.328670634920636
Mirek Riedewald,CS7290,4.803753814125331,19.428571428571427,4.428397459231017,4.862062687914082,4.692824899712063,4.752827883064351
Mitchell Wand,CS5010,4.750000000000001,20.0,4.888888888888888,4.833333333333334,4.833333333333334,4.666666666666666
Mrinal Sourav,CS6200,3.926105384073169,20.0,3.624979981354189,3.934412576363762,3.8061760884228417,3.7735645829921682
Nada Naji,CS1100,4.895833333333334,14.0,4.944444444444444,4.916666666666666,4.616666666666667,4.833333333333333
Nada Naji,CS1800,4.018975468975469,9.333333333333334,3.5426406926406924,4.132323232323232,3.978787878787879,3.9882086167800455
Nada Naji,CS2500,3.5808823529411766,8.0,3.274509803921569,3.5294117647058822,3.676470588235294,3.4942226890756305
Nada Naji,CS2510,3.8831329150269283,15.0,3.984472576685012,3.7644337322695036,4.26556304053857,4.051242203822879
Nada Naji,CS4200,3.6868945420108794,16.5,3.507126830308335,3.538222027250041,4.141556000067514,3.8415987963229186
Nada Naji,CS6200,4.080284552845529,12.0,4.33739837398374,3.9771341463414633,3.986280487804878,4.029952931108259
Naga Venkata Lakshmi Sandeep Inampudi,CS5020,4.255512889927675,14.4,3.9522183695983033,4.208144968019663,4.085930433402032,4.175113391146188
Nathanael Lash,CS1210,3.88474025974026,14.0,4.239538239538239,3.833333333333333,4.363636363636363,3.9916512059369196
Nathaniel Derbinsky,CS2000,4.323544871794872,4.0,4.4233629691564476,4.554166666666666,3.3734242424242424,4.004908424908424
Nathaniel Derbinsky,CS2500,4.4002849002849,12.0,4.532763532763533,4.518518518518519,4.497685185185185,4.466829466829467
Nathaniel Derbinsky,CS3200,4.692616588803696,12.0,4.730026992817691,4.824391349391349,4.550013831345072,4.574355143630023
Nathaniel Derbinsky,CS4500,4.523574691504509,12.0,4.558474453611232,4.541666666666667,4.25588768115942,4.458915293692227
Nathaniel Derbinsky,CS5200,3.881911643424802,16.0,4.217649572649573,4.314814814814815,3.34,3.2459942591521544
Nathaniel Derbinsky,CS5230,4.674708624708624,12.0,4.731895881895881,4.71969696969697,4.371212121212121,4.560378331346073
Nathaniel Derbinsky,CS6220,4.562500000000001,16.0,4.597222222222222,4.583333333333334,4.291666666666666,4.5476190476190474
Nathaniel Tuck,CS2500,4.5945121951219505,16.0,4.71839430894309,4.695121951219512,4.380550343964978,4.521181001283696
Nathaniel Tuck,CS3650,4.056196875416975,12.666666666666666,3.326052569250478,4.039453428515928,4.158165030091606,4.039271393037471
Nathaniel Tuck,CS4550,4.367468687389357,15.428571428571429,4.076426019227504,4.439476253986532,4.530367508407319,4.339293927681338
Nathaniel Tuck,CS5610,4.001730406643531,19.0,4.0704168005283075,3.931268385693517,4.188471533442508,3.973994340544433
Nathaniel Tuck,CS6240,4.041617516185612,20.0,4.082409688013136,3.993877351097179,4.0227764002183495,3.9919845403021155
Neal Young,CS3000,3.842881944444444,18.666666666666668,3.3390549516908212,3.732291666666667,4.069097222222222,3.915456934414074
Neal Young,CS5800,4.396412037037037,12.0,4.604938271604939,4.388888888888889,4.681623931623932,4.463624338624339
Nicholas Brown,CS3540,4.778448275862068,20.0,4.8101532567049805,4.733333333333333,4.746153846153846,4.661904761904762
Nicholas Brown,CS4300,3.588636363636364,8.0,3.33939393939394,3.9022727272727273,3.6363636363636362,3.746103896103896
Nicholas Brown,CS4800,3.7345779220779223,11.0,3.560281385281386,4.045454545454545,4.034090909090909,3.9369202226345084
Nicholas Brown,CS4850,3.8117218399802244,12.0,3.610095742404792,3.8290998074454428,4.282565789473685,3.983137815286403
Nicholas Brown,CS5850,4.038194444444445,9.0,3.5625,4.076388888888889,4.034722222222222,4.044642857142857
Oleh Kolesnikov,CS6120,4.163194444444445,10.0,3.7430555555555562,4.138888888888889,3.8472222222222223,4.205357142857142
Olga Vitek,CS5220,3.9955165692007797,14.666666666666666,3.6257959714100068,4.072222222222222,4.1683235867446395,4.047702589807853
Olga Vitek,CS6140,3.896354166666667,19.333333333333332,3.8688161375661374,3.8926587301587303,4.161011904761904,3.8702380952380957
Olga Vitek,CS6220,3.6033905228758174,18.0,3.6638888888888888,3.227777777777778,3.8777777777777778,3.587208216619981
Olga Vitek,CS7280,4.0874999999999995,16.0,3.526754385964912,3.875,4.125,4.0
Olga Vitek,CS7290,4.4222222222222225,16.0,3.8203703703703704,4.3916666666666675,4.615277777777778,4.411111111111111
Olin Shivers III,CS2500,4.434090909090909,12.0,4.636363636363637,4.2727272727272725,4.454545454545455,4.420779220779221
Olin Shivers III,CS4410,4.635930819973668,12.0,3.8334832166778154,4.751986925535413,4.506755428328889,4.562517920260862
Olin Shivers III,CS6410,4.656000712250712,18.666666666666668,4.372792022792023,4.8247863247863245,4.696425796425797,4.56921041921042
Olin Shivers III,CS7480,4.656000712250712,18.666666666666668,4.372792022792023,4.8247863247863245,4.696425796425797,4.56921041921042
Omar Alonso,CS6200,4.625,8.0,4.583333333333333,5.0,4.25,4.285714285714286
Or Beit Aharon,CS4800,4.6499999999999995,16.0,4.666666666666667,4.6,4.45,4.657142857142857
Or Beit Aharon,CS5002,3.5244791666666666,12.0,3.78125,3.2604166666666665,4.140851449275362,3.694642857142857
Or Beit Aharon,CS5800,4.14702380952381,16.0,4.3999999999999995,4.066666666666666,4.525,4.150340136054422
Pandurangan Chandrasekaran,CS5800,4.145744047619048,18.0,4.070198412698413,4.11,4.356666666666667,4.2196768707483
Pandurangan Chandrasekaran,CS6750,3.640625,20.0,3.0625,3.25,3.625,3.5535714285714284
Penny Rheingans,CS1800,4.275,20.0,3.6,4.1,4.1,4.142857142857143
Pete Manolios,CS2800,4.3825,12.0,3.7283333333333335,4.279305555555555,4.375,4.215714285714285
Pete Manolios,CS4820,4.081986876180243,12.5,3.5382116519422526,4.024588557993731,4.204036432359407,4.018760782877854
Pete Manolios,CS7485,4.583333333333333,16.0,4.62962962962963,4.666666666666667,4.722222222222222,4.571428571428571
Pete Manolios,CS7805,4.447916666666666,14.0,4.550925925925926,4.666666666666667,4.611111111111111,4.392857142857142
Peter Desnoyers,CS3700,3.25,18.0,3.0,3.0,3.9375,3.4285714285714284
Peter Desnoyers,CS5600,3.0387824321647856,12.0,3.017611779560309,2.8823529411764706,3.81951871657754,3.33207424383895
Peter Desnoyers,CS6620,4.283891720487115,13.0,4.056728225478226,4.190145502645503,4.324903973341474,4.198136318405005
Peter Desnoyers,CS7600,4.125892857142857,12.0,4.136111111111111,4.0476190476190474,4.154761904761905,4.137074829931973
Peter Desnoyers,CS7680,3.7676282051282053,12.0,3.483618233618234,3.6089743589743586,3.9265734265734267,3.8934953934953933
Philip Gust,CS5001,4.552083333333333,18.0,3.8333333333333335,4.208333333333334,4.375,4.404761904761904
Philip Gust,CS5002,4.322390572390572,18.0,4.303170594837261,4.2302188552188555,4.133897801544861,4.300642479213908
Philip Gust,CS5004,4.2353753702437915,14.666666666666666,4.204887218045113,4.24105718842561,4.195699811024888,4.286433978163301
Philip Gust,CS5006,4.171153846153847,18.666666666666668,4.195441595441596,4.0747863247863245,3.914102564102565,4.098778998778999
Philip Gust,CS5007,4.440476190476191,15.333333333333334,4.357142857142857,4.305555555555555,4.384920634920635,4.426303854875283
Philip Gust,CS5200,4.642045454545454,14.0,4.494949494949495,4.494949494949495,4.668686868686869,4.565656565656565
Philip Gust,CS5610,4.486971690590112,10.0,4.629545454545455,4.571590909090909,4.128219696969697,4.3179027113237645
Philip Gust,CS5800,4.140151515151515,16.0,4.454545454545454,3.8636363636363638,4.090909090909091,4.129870129870129
Prachi Sharma,CS5200,4.083333333333334,12.0,4.236111111111111,3.8472222222222223,4.027777777777778,3.9126984126984126
Prajna Kulkarni,CS1200,3.604166666666667,12.0,3.529761904761905,3.479166666666667,3.6761363636363633,3.8367346938775513
Prakash Somasundaram,CS5200,4.257258940311825,4.0,4.050527695239234,4.423921911421911,3.2750376226337767,3.7740527939703767
Prakriti Dave,CS5010,3.9,12.0,3.875,3.475,3.875,4.071428571428571
Priyank Chaudhary,CS6650,4.107142857142857,20.0,4.095238095238096,4.107142857142858,4.189075630252101,4.1348289315726285
Priyanka Bishnoi,CS1210,4.653535353535354,18.0,4.6856902356902355,4.577272727272727,4.683333333333334,4.617604617604618
Qi Yu,CS6140,3.6938560234699933,4.0,3.8056791683262268,3.6095692216280453,3.111074187250658,3.4232603344368053
Rachel Laskin,CS6240,3.5694444444444446,16.0,3.7407407407407405,3.4166666666666665,3.80718954248366,3.5972222222222223
Rajmohan Rajaraman,CS5800,4.306034482758621,16.0,3.8390804597701145,4.310344827586206,4.448275862068966,4.297325826882477
Rajmohan Rajaraman,CS7880,4.734009406063937,20.0,4.499742961518375,4.7917387774144204,4.705480099511164,4.64722062614944
Raman Chandrasekar,CS5100,4.916666666666667,16.0,4.055555555555556,5.0,4.666666666666666,4.952380952380952
Raman Chandrasekar,CS6200,4.580357142857143,12.0,4.761904761904762,4.75,4.510989010989011,4.520408163265307
Rathi Sowumya Thirunavukkarasu,CS5010,4.59375,13.0,4.722222222222222,4.625,4.405555555555555,4.583333333333333
Ravi Sundaram,CS1800,4.28125,20.0,4.375,4.196428571428571,4.180147058823529,4.2011554621848735
Ravi Sundaram,CS4800,3.5631114957822803,10.0,3.4160242133916023,3.5048639222332723,4.200872522922213,3.7518135532770147
Ravi Sundaram,CS5800,3.5439814814814814,12.0,3.104700854700855,3.4551282051282053,4.277777777777778,3.8624338624338628
Ravi Sundaram,CS7880,3.829966931216931,16.0,3.3139668973002308,3.875,4.392857142857142,3.902615268329554
Reid Johnson,CS6220,4.458333333333333,8.0,4.772222222222222,4.583333333333334,4.55,4.428571428571429
Ricardo Baeza-Yates,CS5800,4.458333333333334,16.0,4.611111111111112,4.666666666666667,4.333333333333334,4.333333333333333
Robert Munro,CS5500,3.9230769230769234,16.0,3.9743589743589745,3.769230769230769,4.3076923076923075,3.913919413919414
Robert Platt,CS4100,4.3069444444444445,12.0,4.283333333333333,4.25,4.275,4.2785714285714285
Robert Platt,CS4610,3.300100916182874,14.0,3.3911098008385743,3.2485259433962264,4.0238630865989355,3.604104286852622
Robert Platt,CS5100,3.819444444444444,10.0,3.7253086419753085,3.8287037037037037,4.173611111111111,3.9576719576719577
Robert Platt,CS5335,3.6259863328495405,14.0,3.3081236897274637,3.6541509433962265,4.108029753265603,3.87866597516431
Robert Platt,CS7180,4.131944444444444,11.333333333333334,3.8743827160493827,4.223148148148147,4.300718094255246,4.202116402116403
Rukmini Vijaykumar,CS5800,4.196146245059289,14.0,4.525362318840579,4.265810276679842,4.2359307359307365,4.309147374364765
Rukmini Vijaykumar,CS6200,3.0256916996047427,12.0,3.6189378254595646,2.840909090909091,4.113636363636363,3.4582156973461324
Rutu Mulkar-Mehta,CS5100,3.203125,12.0,3.881944444444444,2.833333333333333,4.111111111111111,3.7400793650793647
Saber ShokatFadaee,CS5100,3.858333333333334,12.0,3.233333333333334,3.7,3.8666666666666667,3.9904761904761905
Sai Krishna Karanam,CS5001,4.5,14.0,3.9166666666666665,4.25,4.25,4.428571428571429
Sara Arunagiri,CS5200,4.292242647058823,16.0,4.3296568627450975,4.260695187165775,4.010416666666667,4.266491596638656
Sara Arunagiri,CS6220,3.84845467032967,12.0,3.87127471294138,3.76517094017094,3.7262820512820514,3.9139749139749136
Sashank Narain,CS5010,3.638091082392553,12.0,3.7543465702779426,3.646588433353139,3.634556347791642,3.630854058795235
Scott Mancini,CS5250,4.53125,14.0,4.833333333333333,4.75,4.5,4.142857142857143
Seth Cooper,CS3520,3.9884615384615385,14.0,3.3999125874125875,3.9423076923076925,3.6009615384615383,3.7339743589743595
Seth Cooper,CS3540,3.812928984392801,12.0,3.8761824595157925,3.9059011164274327,3.9997546313335786,3.791656495133939
Seth Cooper,CS5310,4.12532825630252,12.0,4.4234068627450975,4.294117647058823,4.327205882352941,4.109618847539016
Seyhmus Guler,CS5020,4.125,16.0,3.388888888888889,4.0,4.333333333333333,4.095238095238096
Shujian Wen,CS5001,4.285714285714286,12.0,4.5,4.160714285714286,4.071428571428571,4.011526832955404
Sizhe Wen,CS6140,4.0996875,16.0,4.104166666666667,4.261363636363637,3.9541666666666666,4.189285714285715
Stacy Marsella,CS4100,5.0,12.0,5.0,5.0,5.0,5.0
Stacy Marsella,CS5100,3.939356203007519,14.0,3.8772765246449454,3.845238095238096,4.281328320802006,4.034094163981382
Stacy Marsella,CS6130,4.195275297619048,16.0,4.388541666666667,4.232514880952381,4.322250939849624,4.276828231292517
Stephen Intille,CS4520,4.46875,14.0,3.875,4.375,4.1875,4.285714285714286
Stephen Intille,CS5520,4.052906683833408,20.0,3.4948814223239513,3.974137931034483,4.313479623824452,4.1093692614628585
Steven Abramson,CS5004,4.096337313661096,19.0,3.5579879780775663,4.01580459770115,4.169540229885057,4.060986271903398
Steven Abramson,CS5040,3.9166666666666665,11.0,3.9125,4.1375,4.325,3.975
Susan Loffredo,CS1200,4.633442460317459,12.4,4.273611111111111,4.791666666666667,4.395277777777778,4.546269841269842
Tamara Bonaci,CS5002,4.395833333333334,4.0,4.508164983164983,4.492424242424242,3.582575757575758,3.999458874458875
Tamara Bonaci,CS5004,3.697916666666667,16.0,3.875,3.625,3.878787878787879,3.8820346320346317
Tamara Bonaci,CS5010,3.291666666666667,12.0,3.444444444444444,3.166666666666667,3.666666666666667,3.857142857142857
Tamara Bonaci,CS5770,4.283333333333333,20.0,4.410317460317461,4.5,4.250980392156863,4.198774509803921
Tamara Bonaci,CS6410,3.9145833333333333,13.0,3.525,3.7666666666666666,3.9541666666666666,3.8761904761904766
Tamara Bonaci,CS7290,1.375,16.0,1.5,1.0,2.5,2.5714285714285716
Tasneem Nipplewala,CS5010,3.875,8.0,4.0,3.5,3.5,3.857142857142857
Themis Papageorge,CS5010,3.8183114035087717,15.0,4.004166666666667,4.0125,4.265789473684211,3.943149540517961
Themis Papageorge,CS5120,4.405932856298548,14.666666666666666,3.944222988441305,4.374206349206349,3.966263508949679,4.16781443396185
Themis Papageorge,CS5130,4.193530701754386,12.0,4.152777777777779,3.9791666666666665,4.199561403508772,4.3218708536046
Themis Papageorge,CS5200,4.172451241134752,16.0,4.307971014492753,4.007575757575758,4.248144220572641,4.236094224924012
Themis Papageorge,CS5210,4.0417917876112535,14.4,3.849215099915564,3.911469902646374,3.7342602495543673,3.8478614323904017
Themis Papageorge,CS5250,4.21875,12.0,4.194139194139194,4.3007518796992485,4.09920634920635,4.229591836734694
Themis Papageorge,CS6120,2.71875,14.0,3.236111111111111,2.375,2.875,2.6785714285714284
Therapon Skoteiniotis,CS5001,4.136111111111111,12.0,3.5,4.1,3.9333333333333336,4.009523809523809
Therapon Skoteiniotis,CS5004,4.724856883796028,16.0,4.110809877257246,4.812568681318681,4.385531135531135,4.650186420722134
Therapon Skoteiniotis,CS5600,4.603174603174604,20.0,3.826906487232574,4.7271825396825395,4.504298941798942,4.526360544217687
Thomas Wahl,CS2500,3.9602907509157506,20.0,3.4160714285714286,4.379166666666666,4.170833333333333,3.8986656200941914
Thomas Wahl,CS2800,4.316483065002801,16.0,4.021730462519937,4.337719298245615,4.335923423423424,4.273728547412758
Thomas Wahl,CS5800,4.3267605490387755,12.0,3.4992342782665364,4.1637992831541215,4.263196480938417,4.239338081273566
Thomas Wahl,CS7485,4.558854166666666,12.0,4.566666666666666,4.7333333333333325,4.533333333333333,4.519047619047619
Tiffani Williams,CS5001,4.8,12.0,3.9666666666666672,5.0,4.6,4.6571428571428575
Tiffani Williams,CS5002,4.1,12.0,3.9666666666666672,4.4,4.2,4.085714285714286
Tiffani Williams,CS5006,4.395833333333334,12.0,4.4111111111111105,4.683333333333334,4.283333333333333,4.342857142857143
Tiffani Williams,CS5007,4.041666666666667,12.0,3.9722222222222223,4.5,3.0,3.9761904761904763
Tiffani Williams,CS5800,4.0625,10.0,4.083333333333333,4.25,4.25,4.214285714285714
Timothy Bickmore,CS2000,3.5,16.0,3.5,4.0,4.0,3.7142857142857144
Timothy Bickmore,CS4300,4.272395833333333,8.0,4.370754928315413,4.15625,3.9116379310344827,4.06577380952381
Timothy Bickmore,CS4800,4.275013801987487,10.0,3.685061137692717,4.413076923076923,3.966346153846154,4.17638940007361
Timothy Bickmore,CS6350,4.5278619528619535,10.666666666666666,3.9749092229484386,4.531313131313131,4.323569023569024,4.447763347763348
Timothy Trow,CS5200,4.525778619528619,12.0,3.999909222948439,4.422979797979798,4.343013468013468,4.41919191919192
Tina Eliassi-Rad,CS6220,3.6524316305469555,14.0,3.052648778809769,3.5717105263157896,3.601608187134503,3.7067878028404344
Vanessa Murdock,CS6200,4.6021875,14.0,4.242407407407407,4.555,4.547173913043478,4.535198412698412
Vidoje Mihajlovikj,CS1100,4.25,16.0,3.611111111111112,3.833333333333333,4.166666666666666,4.3809523809523805
Vidoje Mihajlovikj,CS1500,4.227756132756133,8.8,4.391843966218966,4.271161477411477,4.24076166888667,4.265698269983984
Vidoje Mihajlovikj,CS3500,4.5546875,8.0,4.704861111111112,4.84375,4.375,4.541071428571429
Vidoje Mihajlovikj,CS3520,4.310279502156913,20.0,4.650190766359245,4.481554677206851,4.591229838709678,4.301245461527719
Vidoje Mihajlovikj,CS5004,4.591666666666667,12.0,4.766666666666667,4.633333333333333,4.707692307692307,4.504761904761905
Vidoje Mihajlovikj,CS5006,4.641339869281046,20.0,4.87962962962963,4.861111111111111,4.767973856209151,4.6198646125116705
Vidoje Mihajlovikj,CS5010,4.616071428571428,20.0,4.726190476190477,4.75,4.714285714285714,4.581632653061225
Vidoje Mihajlovikj,CS5610,4.744642857142857,16.0,4.822619047619048,4.832142857142857,4.492857142857143,4.705102040816326
Vinay Preet Singh,CS5200,4.410714285714286,12.0,3.6428571428571423,3.857142857142857,4.357142857142858,4.183673469387755
Vinayak Rao,CS5002,4.4,12.0,4.5,3.85,4.25,4.285714285714286
Vinayak Rao,CS5006,2.950892857142857,14.0,2.924793956043956,2.834821428571429,3.871700310559006,3.329654687962141
Vinayak Rao,CS5007,2.3660714285714284,12.0,2.3422619047619047,2.125,3.25,2.3231292517006805
Vinayak Rao,CS5600,2.6875,16.0,2.544642857142857,2.3125,3.5625,2.7193877551020407
Virgil Pavlu,CS1800,4.243189102564102,20.0,4.282051282051283,4.278044871794872,4.642628205128205,4.314789377289377
Virgil Pavlu,CS5230,4.224486373370353,10.666666666666666,4.246685732300169,4.377376858759837,4.44927780664854,4.225385717668768
Virgil Pavlu,CS5800,4.44235294117647,20.0,4.562549019607844,4.598039215686274,4.401489361702128,4.372553891121665
Virgil Pavlu,CS6140,4.657063090418354,20.0,4.3039529914529915,4.668269230769231,4.61679114750388,4.552725731125301
Virgil Pavlu,CS6200,4.833333333333333,20.0,4.018518518518518,4.916666666666667,4.833333333333333,4.83015873015873
Virgil Pavlu,CS6220,4.745237091125249,19.0,4.238398279352227,4.8335050366300365,4.5531466888374785,4.623503380274265
Walter Schnyder,CS1800,4.44235294117647,20.0,4.562549019607844,4.598039215686274,4.401489361702128,4.372553891121665
Walter Schnyder,CS3800,3.587257174944168,9.5,3.3874623773847876,3.500571895424837,3.9929905920651354,3.5965343742727107
Walter Schnyder,CS4800,3.686144501278773,12.0,4.010588235294119,3.5852287581699347,4.216911764705882,3.8139130434782613
Walter Schnyder,CS5002,3.8485349898975243,14.0,4.122729620212935,3.832035595105673,4.290044493882091,3.8998033460776744
Wendy Gordon-Hewick,CS1200,3.684961023276241,13.5,3.813203459823119,3.554466333302998,4.006421356421356,3.8329310941512906
William Clinger,CS3800,3.9016233766233768,4.0,3.3158008658008655,3.5863095238095237,3.1524725274725274,3.5202226345083485
William Clinger,CS5010,4.104093822843823,10.0,3.9925036075036076,4.0649999999999995,4.483717948717948,4.133668712240141
William Clinger,CS5500,3.734807901433532,20.0,3.3860905690251943,3.6445414430444814,3.755398354900832,3.6640305614288327
William Clinger,CS5800,4.5,12.0,3.7777777777777772,4.555555555555555,4.277777777777778,4.394557823129252
William Clinger,CS7400,3.5876349527665314,20.0,3.6140350877192984,3.3289473684210527,3.889473684210526,3.570079043763254
William Robertson,CS4740,3.2611607142857144,16.0,3.885251322751323,2.833333333333333,3.8888888888888884,3.1306689342403624
William Robertson,CS5770,3.5402644230769234,18.0,3.3958333333333335,2.9375,3.6875,3.492445054945055
William Robertson,CS6740,3.906517094017094,14.0,3.3940972222222223,3.836232088989442,4.227658371040724,3.909134166487108
Wolfgang Gatterbauer,CS3200,3.5402644230769234,18.0,3.3958333333333335,2.9375,3.6875,3.492445054945055
Wolfgang Gatterbauer,CS7290,3.8212126600284497,11.0,4.137861545756282,3.581081081081081,4.000711237553343,3.874359321727743
Woodrow Hartzog,CS4170,4.708333333333333,20.0,4.944444444444445,4.833333333333334,4.833333333333334,4.714285714285714
Yan Luo,CS5200,4.65625,12.0,4.625,4.875,4.625,4.678571428571429
Yasmil Montes,CS1210,4.441666666666666,12.0,4.541666666666667,4.275,4.25,4.285714285714286
Yetunde Folajimi,CS4150,4.096735284320796,4.0,3.784313840435921,4.187998739611643,3.2829975579975583,3.7965749276237126
Yetunde Folajimi,CS5100,2.568181818181818,12.0,2.7121212121212124,2.3181818181818183,3.0454545454545454,2.623376623376624
Yetunde Folajimi,CS5150,3.527777777777778,16.0,3.1504629629629632,3.2222222222222223,3.888888888888889,3.80952380952381
Yi Jia,CS5006,2.568181818181818,12.0,2.7121212121212124,2.3181818181818183,3.0454545454545454,2.623376623376624
Yi Jia,CS5007,3.0625,14.0,3.25,2.75,3.25,3.857142857142857
Yijun Zhao,CS6220,3.6875,8.0,3.5833333333333335,3.416666666666667,3.75,3.8809523809523805
Yingbin Liang,CS6200,4.158333333333333,14.0,3.5611111111111113,4.0600000000000005,4.140000000000001,4.103809523809525
Yiyang Zhang,CS5010,4.891666666666667,14.0,4.933333333333334,4.833333333333334,4.7,4.857142857142857
Yizhou Sun,CS6220,4.263888888888888,20.0,4.351851851851851,4.309523809523809,4.339869281045752,4.220996732026143
Yoganand Chandrasekhar,CS5006,4.297039473684211,16.0,3.7041666666666666,4.35,4.4125,4.297932330827067
Yoganand Chandrasekhar,CS5007,4.125,14.0,4.0,4.0,4.25,4.214285714285714
Yunfeng Yue,CS5010,4.0,8.0,4.0,4.0,4.0,3.952380952380952
Zaihan Yang,CS1100,4.107142857142857,20.0,4.1190476190476195,4.178571428571429,4.189075630252101,4.1348289315726285
Zaihan Yang,CS6200,3.816942719116632,12.0,3.3616951586126445,3.731652046783626,4.210778841041999,4.027807064854928
Zhifeng Sun,CS5700,3.765625,16.0,3.4166666666666665,3.4375,4.1875,3.989795918367347
Zhifeng Sun,CS5800,4.638437950937951,16.0,4.398351648351649,4.762698412698413,4.587037037037037,4.582251082251083
Zhifeng Sun,CS5800,4.780388349083755,16.571428571428573,4.161995014305017,4.855991226900116,4.675202041312169,4.756554397322547
